STATEFP,COUNTYFP,PercentPopulationUnder18,PercentPopulationOver65,PercentNonwhite,PercentofPopulationBelowPovertyLevel,UnemploymentRate
01,001,0.59,0.21,0.24,0.23,0.11
01,003,0.52,0.3,0.14,0.19,0.11
01,005,0.5,0.27,0.56,0.44,0.17
01,007,0.49,0.23,0.24,0.23,0.13
01,009,0.56,0.27,0.05,0.27,0.11
01,011,0.49,0.23,0.81,0.51,0.16
01,013,0.54,0.29,0.5,0.44,0.16
01,015,0.52,0.25,0.27,0.32,0.15
01,017,0.51,0.3,0.44,0.33,0.12
01,019,0.47,0.34,0.07,0.27,0.12
01,021,0.58,0.23,0.17,0.34,0.11
01,023,0.48,0.35,0.45,0.4,0.22
01,025,0.53,0.29,0.49,0.46,0.27
01,027,0.5,0.31,0.18,0.33,0.12
01,029,0.55,0.29,0.06,0.33,0.13
01,031,0.57,0.24,0.25,0.28,0.12
01,033,0.51,0.3,0.21,0.29,0.16
01,035,0.52,0.34,0.51,0.49,0.18
01,037,0.4,0.34,0.36,0.23,0.12
01,039,0.52,0.33,0.16,0.3,0.15
01,041,0.54,0.28,0.3,0.3,0.11
01,043,0.53,0.28,0.05,0.28,0.1
01,045,0.56,0.24,0.28,0.34,0.13
01,047,0.59,0.25,0.75,0.59,0.26
01,049,0.59,0.24,0.14,0.38,0.11
01,051,0.54,0.21,0.26,0.21,0.1
01,053,0.53,0.26,0.4,0.4,0.15
01,055,0.52,0.28,0.2,0.31,0.14
01,057,0.51,0.32,0.15,0.31,0.13
01,059,0.59,0.25,0.15,0.42,0.11
01,061,0.53,0.3,0.14,0.4,0.12
01,063,0.56,0.31,0.86,0.74,0.26
01,065,0.55,0.28,0.63,0.48,0.17
01,067,0.49,0.34,0.3,0.23,0.16
01,069,0.56,0.25,0.32,0.32,0.12
01,071,0.51,0.3,0.09,0.33,0.14
01,073,0.55,0.22,0.5,0.3,0.12
01,075,0.52,0.34,0.13,0.42,0.13
01,077,0.47,0.3,0.14,0.27,0.14
01,079,0.51,0.26,0.23,0.29,0.13
01,081,0.51,0.14,0.31,0.38,0.11
01,083,0.55,0.21,0.19,0.24,0.1
01,085,0.55,0.27,0.78,0.56,0.27
01,087,0.42,0.28,0.88,0.41,0.19
01,089,0.53,0.2,0.33,0.22,0.1
01,091,0.55,0.3,0.57,0.47,0.15
01,093,0.5,0.33,0.07,0.3,0.15
01,095,0.6,0.26,0.08,0.37,0.1
01,097,0.57,0.22,0.42,0.34,0.16
01,099,0.56,0.3,0.47,0.63,0.23
01,101,0.57,0.2,0.66,0.36,0.13
01,103,0.55,0.25,0.2,0.28,0.1
01,105,0.53,0.29,0.73,0.73,0.24
01,107,0.49,0.28,0.46,0.39,0.15
01,109,0.46,0.21,0.45,0.46,0.14
01,111,0.52,0.32,0.24,0.32,0.12
01,113,0.6,0.18,0.52,0.37,0.12
01,115,0.58,0.2,0.2,0.12,0.11
01,117,0.55,0.23,0.13,0.22,0.08
01,119,0.46,0.25,0.78,0.64,0.2
01,121,0.52,0.25,0.37,0.33,0.15
01,123,0.5,0.32,0.31,0.38,0.12
01,125,0.49,0.17,0.37,0.29,0.11
01,127,0.53,0.29,0.09,0.38,0.14
01,129,0.54,0.27,0.36,0.4,0.21
01,131,0.59,0.28,0.76,0.58,0.34
01,133,0.49,0.33,0.04,0.33,0.14
02,013,0.29,0.09,0.86,0.29,0.11
02,016,0.39,0.04,0.73,0.1,0.16
02,020,0.59,0.11,0.38,0.11,0.24
02,050,0.88,0.07,0.93,0.49,0.66
02,060,0.54,0.12,0.5,0.09,0.29
02,068,0.31,0.08,0.18,0.26,0.42
02,070,0.76,0.09,0.86,0.29,0.4
02,090,0.58,0.1,0.25,0.1,0.25
02,100,0.46,0.37,0.21,0.12,0.44
02,105,0.37,0.3,0.57,0.18,0.58
02,110,0.52,0.15,0.32,0.1,0.2
02,122,0.55,0.22,0.17,0.17,0.33
02,130,0.53,0.2,0.34,0.16,0.3
02,150,0.63,0.1,0.48,0.14,0.26
02,158,0.99,0.03,1.0,0.75,1.0
02,164,0.68,0.08,0.81,0.28,0.49
02,170,0.66,0.13,0.18,0.15,0.33
02,180,0.85,0.07,0.87,0.44,0.55
02,185,0.62,0.05,0.71,0.15,0.31
02,188,0.86,0.07,0.92,0.46,0.72
02,195,0.53,0.26,0.25,0.11,0.43
02,198,0.57,0.2,0.55,0.27,0.51
02,220,0.53,0.2,0.37,0.14,0.19
02,230,0.29,0.15,0.18,0.06,0.46
02,240,0.65,0.17,0.23,0.23,0.45
02,261,0.56,0.16,0.28,0.1,0.37
02,275,0.45,0.37,0.35,0.19,0.38
02,282,0.52,0.2,0.56,0.08,0.38
02,290,0.68,0.18,0.81,0.46,0.72
04,001,0.69,0.2,0.8,0.67,0.49
04,003,0.53,0.33,0.16,0.29,0.27
04,005,0.51,0.15,0.38,0.34,0.26
04,007,0.48,0.46,0.23,0.39,0.26
04,009,0.66,0.18,0.22,0.33,0.22
04,011,0.68,0.16,0.09,0.18,0.17
04,012,0.38,0.67,0.26,0.35,0.27
04,013,0.6,0.21,0.23,0.27,0.18
04,015,0.42,0.48,0.1,0.32,0.27
04,017,0.67,0.25,0.54,0.53,0.35
04,019,0.51,0.29,0.24,0.31,0.2
04,021,0.57,0.3,0.2,0.25,0.23
04,023,0.68,0.25,0.14,0.39,0.42
04,025,0.39,0.5,0.08,0.25,0.2
04,027,0.62,0.28,0.28,0.34,0.84
05,001,0.54,0.29,0.29,0.37,0.12
05,003,0.55,0.3,0.29,0.38,0.25
05,005,0.4,0.53,0.04,0.2,0.18
05,007,0.65,0.18,0.12,0.16,0.1
05,009,0.54,0.32,0.04,0.27,0.13
05,011,0.56,0.29,0.39,0.48,0.18
05,013,0.45,0.34,0.25,0.34,0.2
05,015,0.53,0.35,0.08,0.27,0.13
05,017,0.53,0.31,0.59,0.51,0.33
05,019,0.45,0.24,0.29,0.33,0.17
05,021,0.52,0.34,0.04,0.4,0.23
05,023,0.45,0.44,0.03,0.26,0.2
05,025,0.54,0.31,0.14,0.34,0.17
05,027,0.5,0.26,0.41,0.42,0.2
05,029,0.55,0.29,0.15,0.33,0.19
05,031,0.6,0.19,0.21,0.31,0.11
05,033,0.6,0.24,0.11,0.29,0.14
05,035,0.67,0.18,0.57,0.42,0.19
05,037,0.58,0.28,0.27,0.31,0.19
05,039,0.55,0.33,0.47,0.19,0.22
05,041,0.62,0.27,0.54,0.61,0.2
05,043,0.52,0.25,0.33,0.42,0.24
05,045,0.56,0.16,0.18,0.27,0.12
05,047,0.56,0.3,0.06,0.39,0.15
05,049,0.48,0.42,0.04,0.41,0.18
05,051,0.48,0.37,0.15,0.33,0.16
05,053,0.55,0.26,0.05,0.24,0.13
05,055,0.58,0.23,0.05,0.27,0.15
05,057,0.63,0.27,0.42,0.46,0.17
05,059,0.49,0.28,0.16,0.25,0.16
05,061,0.63,0.26,0.35,0.37,0.14
05,063,0.57,0.26,0.08,0.32,0.18
05,065,0.42,0.42,0.05,0.29,0.26
05,067,0.47,0.25,0.21,0.37,0.31
05,069,0.54,0.24,0.62,0.41,0.26
05,071,0.59,0.24,0.08,0.4,0.21
05,073,0.46,0.37,0.42,0.42,0.22
05,075,0.53,0.31,0.03,0.31,0.19
05,077,0.45,0.28,0.6,0.41,0.2
05,079,0.41,0.21,0.35,0.19,0.2
05,081,0.53,0.32,0.27,0.33,0.19
05,083,0.53,0.3,0.08,0.36,0.19
05,085,0.64,0.18,0.11,0.2,0.13
05,087,0.56,0.29,0.06,0.31,0.1
05,089,0.41,0.46,0.04,0.35,0.18
05,091,0.57,0.24,0.31,0.37,0.18
05,093,0.64,0.2,0.41,0.46,0.24
05,095,0.49,0.36,0.46,0.53,0.19
05,097,0.45,0.44,0.09,0.31,0.21
05,099,0.54,0.31,0.38,0.41,0.18
05,101,0.47,0.4,0.05,0.31,0.15
05,103,0.54,0.3,0.45,0.47,0.24
05,105,0.53,0.3,0.07,0.31,0.18
05,107,0.64,0.26,0.66,0.62,0.28
05,109,0.53,0.31,0.11,0.3,0.17
05,111,0.57,0.27,0.12,0.38,0.15
05,113,0.56,0.36,0.09,0.49,0.19
05,115,0.54,0.22,0.09,0.33,0.19
05,117,0.48,0.38,0.15,0.29,0.2
05,119,0.56,0.2,0.45,0.3,0.15
05,121,0.55,0.32,0.04,0.37,0.17
05,123,0.57,0.26,0.11,0.11,0.24
05,125,0.57,0.31,0.11,0.36,0.11
05,127,0.47,0.42,0.06,0.3,0.15
05,129,0.58,0.22,0.23,0.4,0.21
05,131,0.71,0.2,0.37,0.38,0.14
05,133,0.5,0.43,0.05,0.42,0.22
05,135,0.53,0.22,0.61,0.44,0.23
05,137,0.47,0.44,0.04,0.44,0.22
05,139,0.57,0.26,0.37,0.36,0.24
05,141,0.47,0.42,0.04,0.35,0.23
05,143,0.6,0.14,0.23,0.31,0.09
05,145,0.56,0.23,0.09,0.27,0.2
05,147,0.51,0.36,0.32,0.47,0.25
05,149,0.59,0.25,0.2,0.31,0.18
06,001,0.5,0.18,0.6,0.18,0.12
06,003,0.51,0.47,0.33,0.35,0.24
06,005,0.35,0.43,0.14,0.15,0.17
06,007,0.47,0.27,0.18,0.36,0.24
06,009,0.41,0.44,0.09,0.21,0.17
06,011,0.67,0.19,0.12,0.23,0.65
06,013,0.55,0.22,0.43,0.15,0.13
06,015,0.5,0.24,0.24,0.37,0.27
06,017,0.48,0.3,0.13,0.15,0.15
06,019,0.7,0.15,0.38,0.46,0.35
06,021,0.65,0.22,0.18,0.35,0.29
06,023,0.45,0.24,0.2,0.36,0.16
06,025,0.7,0.17,0.36,0.41,0.95
06,027,0.48,0.36,0.2,0.15,0.15
06,029,0.71,0.13,0.26,0.39,0.38
06,031,0.66,0.11,0.35,0.33,0.39
06,033,0.48,0.35,0.23,0.41,0.23
06,035,0.36,0.18,0.19,0.16,0.21
06,037,0.53,0.17,0.5,0.29,0.2
06,039,0.67,0.19,0.24,0.38,0.33
06,041,0.48,0.33,0.23,0.11,0.09
06,043,0.37,0.44,0.11,0.25,0.21
06,045,0.51,0.32,0.18,0.33,0.18
06,047,0.73,0.14,0.44,0.42,0.4
06,049,0.45,0.41,0.09,0.31,0.34
06,051,0.45,0.2,0.15,0.15,0.16
06,053,0.64,0.17,0.37,0.24,0.3
06,055,0.51,0.27,0.29,0.11,0.11
06,057,0.4,0.41,0.08,0.2,0.14
06,059,0.54,0.19,0.39,0.2,0.11
06,061,0.54,0.29,0.18,0.12,0.13
06,063,0.37,0.44,0.11,0.22,0.38
06,065,0.63,0.19,0.4,0.26,0.19
06,067,0.58,0.18,0.43,0.29,0.16
06,069,0.64,0.16,0.19,0.15,0.23
06,071,0.65,0.14,0.4,0.31,0.17
06,073,0.53,0.18,0.3,0.22,0.13
06,075,0.29,0.22,0.55,0.18,0.08
06,077,0.67,0.16,0.46,0.29,0.28
06,079,0.42,0.29,0.15,0.22,0.12
06,081,0.5,0.23,0.5,0.1,0.07
06,083,0.53,0.21,0.26,0.25,0.16
06,085,0.54,0.18,0.57,0.12,0.1
06,087,0.46,0.21,0.24,0.24,0.22
06,089,0.51,0.31,0.14,0.32,0.22
06,091,0.33,0.45,0.03,0.2,0.25
06,093,0.47,0.39,0.15,0.37,0.31
06,095,0.54,0.21,0.49,0.18,0.16
06,097,0.48,0.27,0.26,0.17,0.11
06,099,0.66,0.17,0.26,0.3,0.28
06,101,0.63,0.22,0.31,0.29,0.35
06,103,0.57,0.29,0.15,0.37,0.26
06,105,0.38,0.43,0.14,0.35,0.26
06,107,0.77,0.14,0.22,0.5,0.48
06,109,0.38,0.4,0.13,0.21,0.2
06,111,0.57,0.21,0.21,0.16,0.16
06,113,0.51,0.15,0.34,0.33,0.18
06,115,0.67,0.16,0.28,0.32,0.29
08,001,0.67,0.12,0.18,0.2,0.12
08,003,0.58,0.17,0.14,0.48,0.16
08,005,0.58,0.16,0.29,0.15,0.11
08,007,0.4,0.39,0.17,0.19,0.13
08,009,0.49,0.43,0.05,0.34,0.05
08,011,0.35,0.26,0.11,0.28,0.12
08,013,0.47,0.18,0.12,0.21,0.09
08,014,0.58,0.17,0.14,0.06,0.09
08,015,0.34,0.4,0.07,0.13,0.09
08,017,0.76,0.18,0.06,0.19,0.05
08,019,0.37,0.28,0.06,0.09,0.1
08,021,0.67,0.27,0.1,0.38,0.16
08,023,0.42,0.45,0.09,0.55,0.17
08,025,0.28,0.19,0.14,0.34,0.19
08,027,0.35,0.59,0.07,0.26,0.12
08,029,0.48,0.4,0.06,0.27,0.14
08,031,0.48,0.15,0.24,0.25,0.11
08,033,0.49,0.41,0.04,0.24,0.12
08,035,0.67,0.13,0.11,0.02,0.09
08,037,0.53,0.11,0.12,0.11,0.08
08,039,0.6,0.16,0.21,0.17,0.08
08,041,0.53,0.21,0.06,0.05,0.14
08,043,0.36,0.33,0.1,0.2,0.21
08,045,0.62,0.15,0.13,0.14,0.11
08,047,0.43,0.22,0.07,0.06,0.09
08,049,0.4,0.24,0.07,0.22,0.08
08,051,0.41,0.16,0.04,0.22,0.08
08,053,0.42,0.46,0.05,0.19,0.16
08,055,0.36,0.53,0.05,0.25,0.27
08,057,0.5,0.35,0.07,0.21,0.09
08,059,0.48,0.23,0.1,0.11,0.1
08,061,0.67,0.35,0.08,0.16,0.05
08,063,0.54,0.27,0.09,0.16,0.05
08,065,0.45,0.22,0.12,0.14,0.09
08,067,0.41,0.15,0.12,0.21,0.1
08,069,0.48,0.21,0.09,0.2,0.09
08,071,0.42,0.37,0.16,0.28,0.17
08,073,0.46,0.27,0.13,0.13,0.09
08,075,0.5,0.26,0.09,0.28,0.09
08,077,0.52,0.27,0.06,0.27,0.15
08,079,0.2,0.57,0.15,0.2,0.09
08,081,0.62,0.19,0.05,0.15,0.15
08,083,0.53,0.32,0.18,0.29,0.19
08,085,0.53,0.36,0.07,0.31,0.13
08,087,0.64,0.23,0.13,0.14,0.1
08,089,0.56,0.31,0.1,0.41,0.18
08,091,0.33,0.45,0.02,0.16,0.12
08,093,0.38,0.29,0.05,0.08,0.1
08,095,0.6,0.27,0.06,0.11,0.05
08,097,0.37,0.25,0.09,0.09,0.13
08,099,0.61,0.26,0.05,0.31,0.1
08,101,0.55,0.27,0.23,0.34,0.18
08,103,0.58,0.2,0.03,0.18,0.16
08,105,0.57,0.29,0.09,0.31,0.18
08,107,0.44,0.19,0.05,0.17,0.08
08,109,0.52,0.32,0.1,0.38,0.18
08,111,0.38,0.26,0.03,0.02,0.12
08,113,0.43,0.15,0.04,0.16,0.11
08,115,0.52,0.42,0.1,0.29,0.07
08,117,0.37,0.15,0.1,0.16,0.06
08,119,0.43,0.31,0.06,0.1,0.13
08,121,0.54,0.31,0.05,0.14,0.07
08,123,0.65,0.15,0.12,0.17,0.1
08,125,0.65,0.28,0.07,0.24,0.05
09,001,0.55,0.22,0.28,0.13,0.16
09,003,0.51,0.25,0.29,0.17,0.17
09,005,0.44,0.31,0.07,0.09,0.15
09,007,0.44,0.29,0.12,0.09,0.13
09,009,0.49,0.25,0.27,0.19,0.17
09,011,0.47,0.26,0.2,0.14,0.16
09,013,0.42,0.21,0.12,0.07,0.14
09,015,0.48,0.23,0.11,0.17,0.18
10,001,0.56,0.24,0.35,0.21,0.19
10,003,0.52,0.21,0.37,0.19,0.16
10,005,0.45,0.43,0.19,0.19,0.17
11,001,0.4,0.16,0.62,0.29,0.26
12,001,0.41,0.18,0.32,0.4,0.12
12,003,0.58,0.2,0.17,0.27,0.13
12,005,0.51,0.25,0.19,0.26,0.17
12,007,0.48,0.27,0.23,0.29,0.13
12,009,0.43,0.38,0.18,0.22,0.13
12,011,0.51,0.24,0.4,0.23,0.12
12,013,0.51,0.28,0.21,0.18,0.18
12,015,0.28,0.69,0.1,0.19,0.16
12,017,0.34,0.63,0.07,0.3,0.22
12,019,0.58,0.21,0.2,0.16,0.12
12,021,0.41,0.52,0.12,0.21,0.13
12,023,0.52,0.28,0.24,0.27,0.13
12,027,0.47,0.34,0.17,0.53,0.15
12,029,0.43,0.37,0.13,0.38,0.17
12,031,0.54,0.18,0.41,0.27,0.14
12,033,0.49,0.24,0.33,0.23,0.13
12,035,0.41,0.5,0.18,0.22,0.17
12,037,0.37,0.34,0.19,0.3,0.15
12,039,0.52,0.24,0.61,0.42,0.18
12,041,0.48,0.32,0.09,0.32,0.15
12,043,0.37,0.42,0.21,0.28,0.17
12,045,0.36,0.3,0.23,0.21,0.22
12,047,0.44,0.25,0.41,0.37,0.18
12,049,0.64,0.23,0.2,0.42,0.23
12,051,0.67,0.19,0.23,0.46,0.27
12,053,0.43,0.47,0.11,0.24,0.19
12,055,0.4,0.61,0.2,0.33,0.2
12,057,0.55,0.19,0.3,0.27,0.13
12,059,0.46,0.31,0.12,0.44,0.15
12,061,0.39,0.54,0.15,0.21,0.17
12,063,0.44,0.29,0.32,0.32,0.16
12,065,0.37,0.35,0.4,0.18,0.14
12,067,0.5,0.2,0.21,0.25,0.12
12,069,0.46,0.44,0.18,0.21,0.13
12,071,0.42,0.46,0.16,0.25,0.13
12,073,0.44,0.16,0.4,0.35,0.13
12,075,0.47,0.39,0.13,0.39,0.16
12,077,0.42,0.19,0.22,0.25,0.16
12,079,0.45,0.31,0.44,0.53,0.17
12,081,0.45,0.44,0.15,0.22,0.13
12,083,0.44,0.48,0.19,0.3,0.17
12,085,0.38,0.51,0.13,0.17,0.13
12,086,0.48,0.23,0.25,0.33,0.09
12,087,0.34,0.33,0.12,0.21,0.08
12,089,0.48,0.33,0.1,0.18,0.12
12,091,0.53,0.23,0.22,0.18,0.11
12,093,0.52,0.31,0.14,0.37,0.15
12,095,0.54,0.15,0.38,0.28,0.12
12,097,0.6,0.17,0.27,0.31,0.14
12,099,0.45,0.38,0.27,0.22,0.14
12,101,0.48,0.37,0.12,0.22,0.15
12,103,0.38,0.39,0.19,0.23,0.12
12,105,0.54,0.32,0.23,0.3,0.16
12,107,0.51,0.36,0.21,0.5,0.19
12,109,0.53,0.22,0.15,0.17,0.1
12,111,0.33,0.62,0.09,0.16,0.17
12,113,0.51,0.21,0.23,0.19,0.12
12,115,0.52,0.3,0.11,0.13,0.13
12,117,0.48,0.38,0.28,0.29,0.12
12,119,0.13,1.0,0.12,0.12,0.21
12,121,0.51,0.32,0.18,0.35,0.15
12,123,0.45,0.29,0.26,0.22,0.16
12,125,0.44,0.21,0.27,0.24,0.12
12,127,0.41,0.39,0.18,0.27,0.15
12,129,0.49,0.19,0.19,0.18,0.12
12,131,0.48,0.3,0.14,0.29,0.11
12,133,0.46,0.27,0.2,0.34,0.15
13,001,0.6,0.25,0.25,0.44,0.17
13,003,0.68,0.17,0.29,0.51,0.12
13,005,0.62,0.22,0.2,0.4,0.15
13,007,0.47,0.3,0.46,0.35,0.22
13,009,0.45,0.21,0.48,0.47,0.19
13,011,0.55,0.25,0.07,0.24,0.11
13,013,0.65,0.15,0.21,0.22,0.11
13,015,0.6,0.18,0.17,0.24,0.14
13,017,0.61,0.24,0.42,0.56,0.26
13,019,0.57,0.25,0.16,0.43,0.18
13,021,0.6,0.21,0.61,0.47,0.17
13,023,0.5,0.26,0.31,0.36,0.23
13,025,0.59,0.22,0.07,0.39,0.18
13,027,0.51,0.3,0.42,0.43,0.15
13,029,0.71,0.13,0.23,0.24,0.12
13,031,0.47,0.14,0.36,0.51,0.16
13,033,0.63,0.21,0.54,0.54,0.24
13,035,0.5,0.22,0.33,0.37,0.15
13,037,0.42,0.2,0.69,0.41,0.16
13,039,0.59,0.16,0.27,0.2,0.16
13,043,0.61,0.26,0.34,0.58,0.12
13,045,0.58,0.18,0.26,0.32,0.15
13,047,0.56,0.25,0.08,0.17,0.12
13,049,0.45,0.21,0.35,0.38,0.17
13,051,0.52,0.2,0.49,0.29,0.14
13,053,0.53,0.0,0.31,0.16,0.21
13,055,0.54,0.26,0.14,0.37,0.23
13,057,0.62,0.17,0.14,0.14,0.11
13,059,0.4,0.12,0.38,0.59,0.16
13,061,0.56,0.36,0.73,0.78,0.33
13,063,0.69,0.09,0.85,0.39,0.19
13,065,0.64,0.23,0.35,0.75,0.17
13,067,0.58,0.15,0.42,0.17,0.12
13,069,0.59,0.18,0.34,0.39,0.17
13,071,0.64,0.21,0.37,0.46,0.13
13,073,0.62,0.17,0.26,0.12,0.12
13,075,0.63,0.23,0.32,0.44,0.15
13,077,0.61,0.18,0.24,0.19,0.12
13,079,0.51,0.26,0.27,0.31,0.16
13,081,0.59,0.26,0.48,0.57,0.17
13,083,0.45,0.28,0.05,0.28,0.14
13,085,0.5,0.3,0.04,0.19,0.11
13,087,0.56,0.15,0.68,0.3,0.17
13,089,0.59,0.24,0.5,0.42,0.15
13,091,0.48,0.25,0.34,0.36,0.25
13,093,0.43,0.27,0.59,0.36,0.17
13,095,0.59,0.21,0.75,0.55,0.22
13,097,0.64,0.14,0.54,0.24,0.15
13,099,0.6,0.29,0.56,0.5,0.17
13,101,0.69,0.14,0.23,0.53,0.11
13,103,0.65,0.14,0.18,0.14,0.12
13,105,0.52,0.31,0.33,0.4,0.18
13,107,0.61,0.23,0.4,0.53,0.25
13,109,0.64,0.24,0.43,0.46,0.15
13,111,0.4,0.46,0.03,0.27,0.14
13,113,0.57,0.25,0.32,0.08,0.12
13,115,0.56,0.24,0.22,0.31,0.17
13,117,0.7,0.15,0.18,0.08,0.11
13,119,0.53,0.3,0.14,0.45,0.15
13,121,0.54,0.14,0.57,0.27,0.15
13,123,0.48,0.37,0.09,0.33,0.15
13,125,0.55,0.26,0.12,0.18,0.16
13,127,0.54,0.29,0.34,0.34,0.14
13,129,0.61,0.2,0.1,0.33,0.15
13,131,0.61,0.25,0.35,0.46,0.15
13,133,0.45,0.46,0.43,0.39,0.17
13,135,0.67,0.1,0.51,0.2,0.12
13,137,0.54,0.28,0.14,0.28,0.15
13,139,0.63,0.2,0.17,0.27,0.11
13,141,0.32,0.33,0.79,0.38,0.26
13,143,0.58,0.24,0.08,0.31,0.14
13,145,0.52,0.26,0.22,0.1,0.13
13,147,0.5,0.33,0.24,0.32,0.15
13,149,0.55,0.24,0.15,0.3,0.14
13,151,0.65,0.14,0.51,0.18,0.15
13,153,0.62,0.16,0.4,0.29,0.14
13,155,0.52,0.29,0.33,0.44,0.22
13,157,0.61,0.21,0.13,0.2,0.11
13,159,0.57,0.25,0.26,0.34,0.13
13,161,0.65,0.22,0.24,0.37,0.21
13,163,0.57,0.26,0.59,0.48,0.22
13,165,0.58,0.24,0.4,0.57,0.24
13,167,0.48,0.27,0.36,0.38,0.16
13,169,0.57,0.24,0.28,0.24,0.13
13,171,0.5,0.25,0.35,0.34,0.17
13,173,0.61,0.18,0.27,0.52,0.17
13,175,0.6,0.25,0.42,0.5,0.21
13,177,0.65,0.15,0.27,0.18,0.13
13,179,0.7,0.08,0.55,0.28,0.16
13,181,0.45,0.36,0.35,0.42,0.17
13,183,0.69,0.09,0.37,0.35,0.16
13,185,0.57,0.15,0.44,0.44,0.15
13,187,0.43,0.25,0.06,0.34,0.13
13,189,0.45,0.23,0.68,0.45,0.24
13,191,0.55,0.24,0.16,0.31,0.16
13,193,0.52,0.28,0.42,0.42,0.21
13,195,0.64,0.25,0.47,0.47,0.12
13,197,0.41,0.39,0.39,0.36,0.19
13,199,0.52,0.3,0.44,0.41,0.2
13,201,0.55,0.34,0.33,0.41,0.14
13,205,0.56,0.23,0.53,0.44,0.21
13,207,0.49,0.27,0.27,0.21,0.13
13,209,0.51,0.24,0.34,0.31,0.25
13,211,0.55,0.29,0.27,0.22,0.13
13,213,0.61,0.19,0.03,0.31,0.23
13,215,0.6,0.17,0.58,0.38,0.2
13,217,0.65,0.16,0.5,0.29,0.17
13,219,0.65,0.21,0.12,0.09,0.1
13,221,0.52,0.28,0.22,0.31,0.13
13,223,0.67,0.12,0.25,0.15,0.12
13,225,0.51,0.21,0.54,0.3,0.18
13,227,0.48,0.33,0.05,0.15,0.12
13,229,0.61,0.25,0.14,0.38,0.15
13,231,0.58,0.22,0.12,0.2,0.12
13,233,0.63,0.23,0.26,0.33,0.16
13,235,0.39,0.3,0.38,0.33,0.17
13,237,0.46,0.36,0.33,0.28,0.19
13,239,0.4,0.56,0.6,0.42,0.23
13,241,0.4,0.44,0.08,0.36,0.15
13,243,0.55,0.38,0.66,0.64,0.22
13,245,0.56,0.18,0.64,0.42,0.2
13,247,0.62,0.18,0.6,0.28,0.17
13,249,0.62,0.25,0.32,0.4,0.17
13,251,0.52,0.26,0.46,0.4,0.25
13,253,0.51,0.36,0.4,0.46,0.2
13,255,0.58,0.26,0.39,0.38,0.18
13,257,0.53,0.3,0.17,0.31,0.17
13,259,0.32,0.23,0.75,0.53,0.19
13,261,0.56,0.23,0.6,0.59,0.22
13,263,0.41,0.37,0.6,0.29,0.2
13,265,0.36,0.35,0.66,0.58,0.23
13,267,0.49,0.19,0.42,0.32,0.17
13,269,0.5,0.29,0.44,0.52,0.18
13,271,0.4,0.25,0.47,0.4,0.47
13,273,0.58,0.28,0.66,0.64,0.23
13,275,0.58,0.26,0.42,0.34,0.18
13,277,0.6,0.2,0.38,0.49,0.15
13,279,0.66,0.23,0.39,0.44,0.23
13,281,0.3,0.59,0.04,0.23,0.22
13,283,0.5,0.3,0.32,0.36,0.25
13,285,0.6,0.2,0.43,0.38,0.13
13,287,0.6,0.3,0.47,0.49,0.17
13,289,0.45,0.33,0.47,0.5,0.25
13,291,0.37,0.55,0.03,0.21,0.13
13,293,0.53,0.28,0.32,0.4,0.16
13,295,0.53,0.28,0.08,0.29,0.16
13,297,0.61,0.22,0.22,0.21,0.13
13,299,0.57,0.25,0.36,0.42,0.16
13,301,0.5,0.33,0.65,0.49,0.2
13,303,0.54,0.25,0.57,0.46,0.18
13,305,0.59,0.22,0.26,0.35,0.18
13,307,0.56,0.3,0.53,0.35,0.23
13,309,0.39,0.19,0.44,0.41,0.37
13,311,0.49,0.34,0.06,0.31,0.1
13,313,0.65,0.19,0.12,0.34,0.2
13,315,0.45,0.25,0.39,0.29,0.2
13,317,0.48,0.37,0.49,0.49,0.2
13,319,0.55,0.28,0.43,0.42,0.17
13,321,0.56,0.28,0.32,0.39,0.17
15,001,0.52,0.29,0.69,0.3,0.15
15,003,0.51,0.25,0.82,0.13,0.1
15,005,0.0,0.2,0.82,0.19,
15,007,0.53,0.28,0.7,0.13,0.11
15,009,0.53,0.25,0.67,0.15,0.1
16,001,0.59,0.18,0.09,0.19,0.1
16,003,0.4,0.46,0.04,0.23,0.33
16,005,0.65,0.18,0.11,0.3,0.11
16,007,0.66,0.32,0.05,0.24,0.12
16,009,0.53,0.36,0.13,0.27,0.24
16,011,0.78,0.19,0.18,0.22,0.11
16,013,0.55,0.25,0.07,0.25,0.1
16,015,0.42,0.39,0.06,0.18,0.19
16,017,0.47,0.36,0.05,0.23,0.19
16,019,0.77,0.17,0.11,0.19,0.09
16,021,0.56,0.33,0.06,0.32,0.2
16,023,0.48,0.32,0.04,0.28,0.1
16,025,0.6,0.34,0.04,0.41,0.11
16,027,0.72,0.18,0.13,0.29,0.13
16,029,0.7,0.26,0.03,0.14,0.11
16,031,0.8,0.19,0.06,0.25,0.09
16,033,0.83,0.14,0.14,0.44,0.16
16,035,0.36,0.44,0.07,0.2,0.33
16,037,0.36,0.51,0.05,0.33,0.19
16,039,0.63,0.17,0.14,0.25,0.14
16,041,0.83,0.19,0.04,0.2,0.09
16,043,0.67,0.25,0.07,0.18,0.09
16,045,0.56,0.34,0.08,0.37,0.14
16,047,0.67,0.26,0.11,0.27,0.1
16,049,0.46,0.43,0.07,0.21,0.2
16,051,0.86,0.14,0.1,0.14,0.09
16,053,0.76,0.17,0.05,0.28,0.1
16,055,0.56,0.27,0.06,0.2,0.16
16,057,0.44,0.16,0.08,0.37,0.11
16,059,0.4,0.47,0.04,0.29,0.22
16,061,0.55,0.4,0.13,0.26,0.26
16,063,0.76,0.18,0.07,0.18,0.16
16,065,0.66,0.05,0.07,0.59,0.06
16,067,0.7,0.24,0.06,0.31,0.1
16,069,0.51,0.31,0.11,0.24,0.11
16,071,0.7,0.3,0.03,0.21,0.09
16,073,0.64,0.26,0.15,0.42,0.15
16,075,0.65,0.26,0.09,0.26,0.16
16,077,0.74,0.22,0.21,0.18,0.13
16,079,0.47,0.36,0.06,0.3,0.28
16,081,0.66,0.11,0.11,0.12,0.08
16,083,0.68,0.22,0.08,0.24,0.11
16,085,0.43,0.41,0.01,0.16,0.17
16,087,0.56,0.4,0.12,0.27,0.19
17,001,0.54,0.31,0.07,0.21,0.15
17,003,0.58,0.32,0.39,0.62,0.3
17,005,0.45,0.26,0.1,0.24,0.17
17,007,0.63,0.21,0.13,0.16,0.26
17,009,0.35,0.2,0.24,0.12,0.09
17,011,0.52,0.33,0.06,0.2,0.21
17,013,0.49,0.37,0.03,0.2,0.22
17,015,0.46,0.4,0.04,0.18,0.18
17,017,0.58,0.25,0.1,0.21,0.18
17,019,0.44,0.16,0.28,0.35,0.17
17,021,0.49,0.3,0.04,0.2,0.22
17,023,0.55,0.3,0.03,0.24,0.2
17,025,0.52,0.31,0.02,0.23,0.2
17,027,0.5,0.24,0.07,0.12,0.13
17,029,0.41,0.23,0.08,0.35,0.18
17,031,0.53,0.19,0.45,0.27,0.17
17,033,0.45,0.29,0.07,0.17,0.19
17,035,0.54,0.29,0.02,0.24,0.15
17,037,0.52,0.29,0.1,0.22,0.18
17,039,0.51,0.16,0.16,0.3,0.19
17,041,0.61,0.26,0.04,0.2,0.16
17,043,0.55,0.2,0.23,0.09,0.12
17,045,0.5,0.33,0.02,0.26,0.19
17,047,0.55,0.32,0.03,0.18,0.18
17,049,0.57,0.25,0.03,0.18,0.14
17,051,0.49,0.28,0.07,0.28,0.2
17,053,0.55,0.3,0.03,0.26,0.19
17,055,0.53,0.31,0.03,0.35,0.25
17,057,0.47,0.31,0.06,0.24,0.26
17,059,0.51,0.38,0.03,0.29,0.23
17,061,0.51,0.29,0.03,0.3,0.19
17,063,0.62,0.19,0.06,0.14,0.2
17,065,0.53,0.34,0.01,0.23,0.17
17,067,0.5,0.36,0.03,0.18,0.22
17,069,0.4,0.33,0.06,0.28,0.32
17,071,0.44,0.41,0.03,0.18,0.22
17,073,0.54,0.31,0.07,0.2,0.22
17,075,0.52,0.33,0.07,0.26,0.19
17,077,0.42,0.2,0.24,0.48,0.17
17,079,0.56,0.29,0.01,0.2,0.19
17,081,0.52,0.28,0.13,0.31,0.21
17,083,0.5,0.28,0.03,0.14,0.2
17,085,0.45,0.43,0.03,0.1,0.18
17,087,0.42,0.31,0.13,0.18,0.28
17,089,0.65,0.17,0.29,0.16,0.2
17,091,0.57,0.23,0.21,0.25,0.23
17,093,0.72,0.11,0.18,0.06,0.14
17,095,0.46,0.32,0.14,0.29,0.23
17,097,0.52,0.28,0.07,0.22,0.18
17,099,0.6,0.18,0.23,0.12,0.25
17,101,0.44,0.26,0.13,0.23,0.24
17,103,0.47,0.28,0.1,0.17,0.18
17,105,0.52,0.28,0.07,0.2,0.18
17,107,0.44,0.27,0.12,0.11,0.19
17,109,0.53,0.29,0.23,0.28,0.22
17,111,0.51,0.3,0.03,0.22,0.14
17,113,0.52,0.25,0.13,0.22,0.17
17,115,0.54,0.3,0.07,0.31,0.25
17,117,0.47,0.37,0.03,0.16,0.19
17,119,0.49,0.36,0.02,0.23,0.17
17,121,0.53,0.33,0.1,0.32,0.2
17,123,0.38,0.24,0.1,0.35,0.22
17,125,0.59,0.18,0.08,0.1,0.25
17,127,0.52,0.16,0.17,0.23,0.26
17,129,0.53,0.29,0.03,0.18,0.17
17,131,0.51,0.33,0.03,0.18,0.23
17,133,0.54,0.25,0.02,0.06,0.13
17,135,0.47,0.3,0.08,0.22,0.24
17,137,0.46,0.3,0.1,0.22,0.18
17,139,0.6,0.29,0.02,0.19,0.14
17,141,0.55,0.27,0.06,0.17,0.22
17,143,0.57,0.23,0.28,0.27,0.24
17,145,0.45,0.27,0.12,0.21,0.24
17,147,0.54,0.29,0.07,0.06,0.16
17,149,0.53,0.32,0.04,0.24,0.19
17,151,0.36,0.48,0.09,0.2,0.26
17,153,0.51,0.34,0.36,0.3,0.32
17,155,0.47,0.35,0.03,0.13,0.23
17,157,0.45,0.27,0.13,0.17,0.16
17,159,0.52,0.32,0.04,0.25,0.18
17,161,0.53,0.28,0.19,0.24,0.23
17,163,0.52,0.31,0.08,0.36,0.2
17,165,0.54,0.25,0.19,0.26,0.25
17,167,0.42,0.33,0.07,0.38,0.18
17,169,0.53,0.31,0.02,0.25,0.19
17,171,0.51,0.34,0.02,0.2,0.22
17,173,0.57,0.21,0.37,0.29,0.17
17,175,0.52,0.34,0.03,0.23,0.27
17,177,0.51,0.34,0.15,0.27,0.2
17,179,0.55,0.27,0.04,0.11,0.2
17,181,0.5,0.31,0.06,0.29,0.27
17,183,0.57,0.28,0.18,0.34,0.24
17,185,0.52,0.31,0.04,0.22,0.17
17,187,0.53,0.28,0.11,0.21,0.18
17,189,0.51,0.3,0.03,0.15,0.1
17,191,0.54,0.34,0.02,0.27,0.22
17,193,0.52,0.35,0.02,0.23,0.17
17,195,0.54,0.31,0.07,0.17,0.19
17,197,0.63,0.16,0.28,0.1,0.17
17,199,0.52,0.28,0.08,0.25,0.19
17,201,0.57,0.25,0.22,0.26,0.27
17,203,0.6,0.25,0.03,0.1,0.16
18,001,0.76,0.22,0.03,0.33,0.11
18,003,0.63,0.19,0.21,0.25,0.13
18,005,0.57,0.23,0.15,0.2,0.1
18,007,0.6,0.26,0.02,0.25,0.13
18,009,0.52,0.33,0.03,0.21,0.18
18,011,0.65,0.18,0.07,0.07,0.1
18,013,0.43,0.38,0.03,0.16,0.12
18,015,0.55,0.29,0.04,0.16,0.12
18,017,0.57,0.26,0.17,0.23,0.15
18,019,0.55,0.21,0.12,0.15,0.14
18,021,0.55,0.26,0.03,0.23,0.15
18,023,0.63,0.24,0.05,0.21,0.11
18,025,0.52,0.29,0.03,0.31,0.18
18,027,0.71,0.22,0.05,0.21,0.1
18,029,0.59,0.23,0.03,0.2,0.16
18,031,0.55,0.24,0.03,0.15,0.12
18,033,0.59,0.24,0.04,0.18,0.11
18,035,0.44,0.25,0.12,0.36,0.17
18,037,0.59,0.25,0.06,0.15,0.09
18,039,0.68,0.2,0.13,0.23,0.13
18,041,0.53,0.3,0.04,0.32,0.22
18,043,0.55,0.22,0.1,0.17,0.13
18,045,0.54,0.31,0.02,0.2,0.15
18,047,0.58,0.25,0.01,0.15,0.15
18,049,0.57,0.29,0.06,0.22,0.13
18,051,0.56,0.25,0.05,0.16,0.1
18,053,0.49,0.28,0.12,0.31,0.16
18,055,0.53,0.29,0.02,0.21,0.18
18,057,0.68,0.14,0.13,0.05,0.1
18,059,0.57,0.23,0.05,0.09,0.11
18,061,0.54,0.26,0.03,0.21,0.13
18,063,0.62,0.18,0.12,0.05,0.11
18,065,0.49,0.28,0.05,0.26,0.14
18,067,0.54,0.29,0.13,0.28,0.18
18,069,0.52,0.25,0.04,0.18,0.14
18,071,0.59,0.23,0.08,0.26,0.1
18,073,0.58,0.25,0.05,0.13,0.16
18,075,0.62,0.27,0.03,0.31,0.12
18,077,0.49,0.25,0.05,0.21,0.15
18,079,0.57,0.23,0.03,0.23,0.14
18,081,0.61,0.2,0.08,0.14,0.11
18,083,0.5,0.26,0.06,0.25,0.13
18,085,0.59,0.23,0.06,0.17,0.11
18,087,0.82,0.18,0.02,0.13,0.11
18,089,0.52,0.25,0.18,0.26,0.23
18,091,0.58,0.23,0.4,0.29,0.19
18,093,0.53,0.3,0.04,0.18,0.16
18,095,0.52,0.27,0.13,0.29,0.16
18,097,0.59,0.16,0.39,0.35,0.14
18,099,0.61,0.25,0.08,0.18,0.13
18,101,0.54,0.28,0.03,0.22,0.1
18,103,0.51,0.26,0.09,0.25,0.17
18,105,0.36,0.16,0.14,0.4,0.14
18,107,0.55,0.26,0.04,0.15,0.13
18,109,0.56,0.23,0.03,0.19,0.13
18,111,0.52,0.27,0.05,0.23,0.18
18,113,0.61,0.21,0.03,0.14,0.13
18,115,0.45,0.32,0.03,0.05,0.15
18,117,0.56,0.29,0.03,0.25,0.15
18,119,0.51,0.28,0.03,0.27,0.18
18,121,0.51,0.28,0.04,0.21,0.17
18,123,0.5,0.27,0.06,0.22,0.14
18,125,0.53,0.31,0.03,0.16,0.14
18,127,0.54,0.22,0.09,0.17,0.16
18,129,0.53,0.27,0.03,0.14,0.11
18,131,0.54,0.29,0.04,0.22,0.13
18,133,0.46,0.23,0.07,0.15,0.15
18,135,0.56,0.3,0.04,0.29,0.16
18,137,0.57,0.26,0.03,0.16,0.14
18,139,0.55,0.28,0.03,0.32,0.11
18,141,0.55,0.24,0.03,0.23,0.16
18,143,0.55,0.24,0.06,0.16,0.16
18,145,0.53,0.29,0.03,0.15,0.12
18,147,0.57,0.22,0.22,0.29,0.13
18,149,0.56,0.26,0.04,0.29,0.19
18,151,0.49,0.29,0.03,0.15,0.11
18,153,0.47,0.26,0.07,0.24,0.19
18,155,0.61,0.27,0.04,0.35,0.14
18,157,0.49,0.14,0.18,0.34,0.12
18,159,0.5,0.31,0.04,0.14,0.11
18,161,0.55,0.28,0.04,0.12,0.14
18,163,0.52,0.24,0.15,0.3,0.13
18,165,0.53,0.3,0.02,0.22,0.24
18,167,0.49,0.23,0.13,0.32,0.19
18,169,0.5,0.31,0.04,0.21,0.13
18,171,0.52,0.31,0.02,0.14,0.12
18,173,0.59,0.25,0.06,0.1,0.12
18,175,0.56,0.24,0.02,0.22,0.14
18,177,0.53,0.29,0.1,0.31,0.16
18,179,0.59,0.27,0.04,0.17,0.11
18,181,0.56,0.3,0.08,0.15,0.11
18,183,0.56,0.26,0.04,0.14,0.12
19,001,0.51,0.36,0.02,0.14,0.09
19,003,0.49,0.37,0.03,0.18,0.05
19,005,0.54,0.35,0.03,0.18,0.15
19,007,0.52,0.37,0.03,0.29,0.16
19,009,0.47,0.4,0.03,0.17,0.1
19,011,0.57,0.27,0.02,0.12,0.12
19,013,0.51,0.23,0.16,0.26,0.13
19,015,0.54,0.26,0.04,0.14,0.09
19,017,0.52,0.3,0.04,0.1,0.09
19,019,0.65,0.27,0.02,0.11,0.11
19,021,0.62,0.21,0.23,0.22,0.08
19,023,0.55,0.35,0.02,0.14,0.13
19,025,0.49,0.37,0.04,0.24,0.1
19,027,0.59,0.31,0.03,0.16,0.06
19,029,0.53,0.36,0.03,0.25,0.11
19,031,0.54,0.29,0.03,0.06,0.1
19,033,0.49,0.33,0.06,0.18,0.11
19,035,0.5,0.38,0.03,0.18,0.1
19,037,0.56,0.31,0.02,0.13,0.12
19,039,0.58,0.27,0.06,0.26,0.12
19,041,0.54,0.32,0.04,0.18,0.11
19,043,0.52,0.36,0.02,0.16,0.16
19,045,0.55,0.3,0.07,0.21,0.16
19,047,0.6,0.26,0.12,0.32,0.16
19,049,0.69,0.15,0.09,0.06,0.07
19,051,0.71,0.27,0.02,0.23,0.12
19,053,0.5,0.29,0.05,0.3,0.08
19,055,0.57,0.29,0.02,0.14,0.09
19,057,0.54,0.31,0.1,0.26,0.18
19,059,0.45,0.41,0.03,0.11,0.12
19,061,0.55,0.25,0.07,0.18,0.1
19,063,0.51,0.31,0.04,0.21,0.1
19,065,0.5,0.34,0.05,0.2,0.16
19,067,0.54,0.35,0.06,0.26,0.16
19,069,0.55,0.33,0.08,0.26,0.09
19,071,0.53,0.35,0.04,0.17,0.11
19,073,0.53,0.35,0.02,0.15,0.09
19,075,0.56,0.32,0.02,0.07,0.11
19,077,0.53,0.36,0.03,0.15,0.12
19,079,0.54,0.31,0.06,0.14,0.12
19,081,0.53,0.34,0.03,0.13,0.09
19,083,0.52,0.34,0.05,0.11,0.13
19,085,0.54,0.3,0.03,0.16,0.09
19,087,0.53,0.28,0.08,0.18,0.11
19,089,0.6,0.32,0.02,0.18,0.11
19,091,0.56,0.33,0.03,0.21,0.11
19,093,0.56,0.36,0.03,0.16,0.07
19,095,0.56,0.28,0.02,0.15,0.08
19,097,0.53,0.32,0.03,0.19,0.13
19,099,0.53,0.29,0.05,0.13,0.12
19,101,0.45,0.3,0.17,0.24,0.09
19,103,0.47,0.13,0.18,0.29,0.07
19,105,0.51,0.31,0.04,0.12,0.13
19,107,0.53,0.34,0.02,0.18,0.14
19,109,0.52,0.37,0.03,0.15,0.08
19,111,0.51,0.3,0.07,0.27,0.17
19,113,0.57,0.22,0.12,0.14,0.12
19,115,0.55,0.26,0.09,0.17,0.13
19,117,0.55,0.34,0.01,0.15,0.08
19,119,0.69,0.27,0.03,0.05,0.05
19,121,0.62,0.25,0.03,0.1,0.16
19,123,0.57,0.27,0.05,0.24,0.1
19,125,0.57,0.26,0.04,0.13,0.08
19,127,0.6,0.27,0.16,0.17,0.2
19,129,0.57,0.26,0.03,0.13,0.09
19,131,0.58,0.36,0.02,0.12,0.05
19,133,0.47,0.41,0.04,0.25,0.12
19,135,0.58,0.3,0.04,0.17,0.13
19,137,0.55,0.33,0.05,0.28,0.11
19,139,0.61,0.23,0.09,0.16,0.12
19,141,0.56,0.33,0.06,0.15,0.08
19,143,0.56,0.33,0.06,0.18,0.06
19,145,0.47,0.34,0.06,0.21,0.1
19,147,0.53,0.35,0.04,0.09,0.08
19,149,0.61,0.28,0.05,0.13,0.08
19,151,0.52,0.37,0.04,0.21,0.06
19,153,0.6,0.17,0.16,0.18,0.11
19,155,0.57,0.25,0.07,0.17,0.09
19,157,0.46,0.31,0.06,0.15,0.11
19,159,0.56,0.4,0.03,0.16,0.12
19,161,0.53,0.37,0.03,0.14,0.09
19,163,0.57,0.22,0.15,0.2,0.14
19,165,0.54,0.37,0.04,0.12,0.08
19,167,0.66,0.22,0.07,0.1,0.06
19,169,0.39,0.15,0.13,0.35,0.06
19,171,0.58,0.3,0.12,0.18,0.13
19,173,0.55,0.35,0.05,0.17,0.06
19,175,0.54,0.31,0.03,0.23,0.13
19,177,0.58,0.34,0.02,0.23,0.11
19,179,0.54,0.26,0.12,0.29,0.16
19,181,0.6,0.22,0.04,0.07,0.1
19,183,0.6,0.29,0.03,0.13,0.1
19,185,0.59,0.37,0.03,0.27,0.1
19,187,0.51,0.27,0.08,0.26,0.13
19,189,0.5,0.32,0.05,0.14,0.11
19,191,0.43,0.3,0.03,0.09,0.12
19,193,0.63,0.21,0.14,0.23,0.11
19,195,0.52,0.31,0.03,0.15,0.11
19,197,0.55,0.35,0.07,0.2,0.1
20,001,0.55,0.32,0.07,0.23,0.15
20,003,0.6,0.35,0.05,0.22,0.14
20,005,0.56,0.26,0.1,0.3,0.24
20,007,0.57,0.35,0.05,0.27,0.1
20,009,0.58,0.28,0.08,0.26,0.13
20,011,0.61,0.3,0.08,0.3,0.19
20,013,0.62,0.3,0.15,0.22,0.13
20,015,0.62,0.2,0.07,0.16,0.13
20,017,0.55,0.39,0.06,0.2,0.11
20,019,0.5,0.42,0.1,0.24,0.17
20,021,0.58,0.28,0.1,0.23,0.15
20,023,0.52,0.46,0.07,0.18,0.09
20,025,0.58,0.35,0.07,0.13,0.09
20,027,0.58,0.38,0.03,0.14,0.13
20,029,0.53,0.33,0.05,0.18,0.13
20,031,0.52,0.32,0.04,0.18,0.2
20,033,0.53,0.42,0.01,0.11,0.1
20,035,0.57,0.27,0.12,0.26,0.15
20,037,0.51,0.22,0.09,0.36,0.17
20,039,0.44,0.46,0.03,0.3,0.12
20,041,0.58,0.3,0.06,0.18,0.16
20,043,0.47,0.28,0.08,0.21,0.15
20,045,0.44,0.14,0.18,0.3,0.12
20,047,0.56,0.32,0.06,0.15,0.1
20,049,0.49,0.49,0.07,0.22,0.16
20,051,0.51,0.21,0.05,0.28,0.09
20,053,0.42,0.33,0.11,0.15,0.11
20,055,0.76,0.12,0.24,0.28,0.09
20,057,0.75,0.13,0.11,0.27,0.1
20,059,0.59,0.24,0.07,0.2,0.14
20,061,0.76,0.08,0.32,0.25,0.2
20,063,0.51,0.45,0.03,0.13,0.08
20,065,0.46,0.44,0.09,0.2,0.13
20,067,0.78,0.15,0.17,0.15,0.12
20,069,0.72,0.22,0.01,0.12,0.07
20,071,0.55,0.36,0.12,0.18,0.09
20,073,0.5,0.41,0.05,0.2,0.13
20,075,0.7,0.17,0.14,0.14,0.06
20,077,0.58,0.35,0.04,0.28,0.1
20,079,0.6,0.29,0.07,0.17,0.12
20,081,0.7,0.2,0.12,0.22,0.09
20,083,0.51,0.36,0.05,0.12,0.09
20,085,0.61,0.28,0.14,0.15,0.12
20,087,0.56,0.28,0.04,0.12,0.13
20,089,0.45,0.49,0.03,0.23,0.11
20,091,0.6,0.19,0.14,0.06,0.11
20,093,0.71,0.2,0.14,0.21,0.09
20,095,0.54,0.35,0.03,0.1,0.13
20,097,0.52,0.32,0.06,0.12,0.09
20,099,0.57,0.29,0.12,0.31,0.18
20,101,0.57,0.32,0.03,0.17,0.1
20,103,0.58,0.19,0.18,0.12,0.15
20,105,0.54,0.38,0.01,0.11,0.09
20,107,0.55,0.35,0.04,0.3,0.28
20,109,0.56,0.34,0.04,0.13,0.07
20,111,0.53,0.2,0.12,0.31,0.15
20,113,0.51,0.37,0.05,0.16,0.08
20,115,0.56,0.34,0.03,0.13,0.12
20,117,0.55,0.3,0.05,0.1,0.12
20,119,0.64,0.27,0.13,0.19,0.09
20,121,0.61,0.25,0.04,0.1,0.14
20,123,0.52,0.38,0.03,0.24,0.09
20,125,0.56,0.3,0.15,0.3,0.18
20,127,0.5,0.4,0.04,0.15,0.11
20,129,0.59,0.27,0.1,0.11,0.12
20,131,0.63,0.31,0.03,0.16,0.11
20,133,0.6,0.29,0.06,0.37,0.21
20,135,0.52,0.41,0.02,0.13,0.1
20,137,0.44,0.32,0.09,0.15,0.08
20,139,0.56,0.3,0.04,0.21,0.16
20,141,0.51,0.4,0.04,0.26,0.07
20,143,0.58,0.3,0.04,0.14,0.11
20,145,0.43,0.32,0.11,0.08,0.12
20,147,0.55,0.36,0.03,0.11,0.1
20,149,0.71,0.19,0.06,0.14,0.11
20,151,0.58,0.29,0.03,0.16,0.1
20,153,0.45,0.45,0.04,0.12,0.08
20,155,0.54,0.29,0.08,0.22,0.13
20,157,0.45,0.47,0.02,0.18,0.1
20,159,0.54,0.28,0.09,0.26,0.11
20,161,0.39,0.09,0.18,0.34,0.11
20,163,0.54,0.34,0.04,0.17,0.15
20,165,0.48,0.41,0.03,0.08,0.11
20,167,0.49,0.39,0.05,0.23,0.12
20,169,0.57,0.25,0.13,0.2,0.12
20,171,0.59,0.26,0.06,0.04,0.06
20,173,0.63,0.19,0.22,0.25,0.15
20,175,0.77,0.12,0.41,0.32,0.13
20,177,0.58,0.25,0.18,0.21,0.14
20,179,0.57,0.37,0.03,0.05,0.08
20,181,0.57,0.3,0.08,0.28,0.11
20,183,0.46,0.46,0.04,0.22,0.1
20,185,0.58,0.33,0.05,0.23,0.11
20,187,0.73,0.3,0.16,0.17,0.1
20,189,0.75,0.18,0.12,0.29,0.1
20,191,0.6,0.27,0.06,0.19,0.15
20,193,0.53,0.24,0.06,0.17,0.09
20,195,0.46,0.38,0.05,0.05,0.11
20,197,0.59,0.28,0.04,0.07,0.13
20,199,0.65,0.33,0.03,0.16,0.1
20,201,0.55,0.4,0.03,0.14,0.1
20,203,0.66,0.32,0.1,0.04,0.07
20,205,0.57,0.33,0.06,0.28,0.18
20,207,0.5,0.39,0.07,0.36,0.19
20,209,0.68,0.16,0.41,0.38,0.19
21,001,0.47,0.26,0.06,0.36,0.25
21,003,0.57,0.25,0.04,0.35,0.19
21,005,0.58,0.21,0.05,0.19,0.16
21,007,0.53,0.31,0.07,0.31,0.27
21,009,0.57,0.26,0.07,0.41,0.2
21,011,0.61,0.24,0.04,0.43,0.3
21,013,0.5,0.28,0.06,0.7,0.31
21,015,0.65,0.17,0.09,0.1,0.15
21,017,0.54,0.28,0.1,0.28,0.17
21,019,0.5,0.29,0.06,0.33,0.27
21,021,0.47,0.28,0.12,0.23,0.22
21,023,0.59,0.23,0.03,0.38,0.23
21,025,0.49,0.23,0.03,0.67,0.37
21,027,0.55,0.29,0.05,0.3,0.25
21,029,0.54,0.21,0.04,0.16,0.18
21,031,0.53,0.27,0.03,0.39,0.22
21,033,0.53,0.31,0.08,0.31,0.23
21,035,0.42,0.25,0.09,0.36,0.18
21,037,0.51,0.21,0.06,0.23,0.15
21,039,0.53,0.32,0.04,0.3,0.19
21,041,0.62,0.22,0.1,0.49,0.18
21,043,0.53,0.27,0.02,0.38,0.41
21,045,0.53,0.31,0.03,0.48,0.19
21,047,0.67,0.15,0.29,0.32,0.26
21,049,0.54,0.26,0.08,0.25,0.17
21,051,0.5,0.2,0.07,0.7,0.34
21,053,0.54,0.29,0.03,0.35,0.26
21,055,0.54,0.32,0.03,0.3,0.23
21,057,0.51,0.33,0.07,0.37,0.19
21,059,0.58,0.25,0.09,0.26,0.17
21,061,0.45,0.31,0.04,0.35,0.23
21,063,0.43,0.28,0.04,0.53,0.4
21,065,0.51,0.28,0.02,0.57,0.23
21,067,0.5,0.17,0.25,0.31,0.14
21,069,0.59,0.26,0.04,0.35,0.25
21,071,0.52,0.25,0.02,0.57,0.31
21,073,0.5,0.25,0.18,0.21,0.16
21,075,0.49,0.3,0.3,0.43,0.27
21,077,0.6,0.19,0.06,0.22,0.18
21,079,0.53,0.27,0.04,0.32,0.21
21,081,0.66,0.18,0.05,0.38,0.18
21,083,0.58,0.28,0.1,0.34,0.21
21,085,0.58,0.25,0.04,0.47,0.23
21,087,0.5,0.32,0.05,0.33,0.2
21,089,0.51,0.32,0.03,0.28,0.32
21,091,0.61,0.25,0.03,0.27,0.17
21,093,0.6,0.18,0.21,0.23,0.18
21,095,0.54,0.26,0.05,0.66,0.48
21,097,0.55,0.27,0.05,0.28,0.19
21,099,0.59,0.25,0.07,0.41,0.22
21,101,0.55,0.25,0.12,0.34,0.17
21,103,0.56,0.25,0.07,0.32,0.16
21,105,0.46,0.39,0.13,0.24,0.22
21,107,0.55,0.26,0.1,0.29,0.21
21,109,0.54,0.24,0.01,0.62,0.31
21,111,0.54,0.22,0.29,0.25,0.18
21,113,0.6,0.2,0.08,0.3,0.16
21,115,0.54,0.26,0.03,0.43,0.32
21,117,0.58,0.19,0.1,0.21,0.16
21,119,0.49,0.25,0.02,0.59,0.33
21,121,0.57,0.25,0.03,0.64,0.28
21,123,0.53,0.26,0.08,0.26,0.2
21,125,0.56,0.23,0.03,0.44,0.23
21,127,0.55,0.25,0.02,0.45,0.34
21,129,0.48,0.27,0.03,0.56,0.27
21,131,0.51,0.25,0.02,0.64,0.4
21,133,0.51,0.27,0.02,0.57,0.36
21,135,0.53,0.27,0.02,0.48,0.44
21,137,0.56,0.26,0.05,0.43,0.23
21,139,0.49,0.33,0.03,0.28,0.27
21,141,0.57,0.27,0.1,0.3,0.18
21,143,0.31,0.4,0.09,0.19,0.22
21,145,0.5,0.18,0.09,0.32,0.23
21,147,0.55,0.23,0.0,0.53,0.28
21,149,0.59,0.24,0.11,0.31,0.2
21,151,0.48,0.35,0.02,0.17,0.17
21,153,0.48,0.21,0.07,0.49,0.55
21,155,0.56,0.26,0.1,0.31,0.17
21,157,0.52,0.3,0.15,0.29,0.22
21,159,0.54,0.21,0.1,0.71,0.33
21,161,0.57,0.3,0.03,0.34,0.27
21,163,0.58,0.18,0.08,0.21,0.21
21,165,0.49,0.33,0.01,0.35,0.33
21,167,0.53,0.28,0.08,0.29,0.21
21,169,0.56,0.28,0.04,0.42,0.22
21,171,0.54,0.29,0.04,0.42,0.17
21,173,0.58,0.22,0.06,0.41,0.25
21,175,0.43,0.23,0.06,0.4,0.25
21,177,0.5,0.28,0.08,0.36,0.3
21,179,0.59,0.21,0.09,0.18,0.2
21,181,0.56,0.26,0.04,0.51,0.2
21,183,0.56,0.27,0.04,0.38,0.24
21,185,0.62,0.16,0.09,0.06,0.14
21,187,0.57,0.28,0.04,0.29,0.21
21,189,0.49,0.25,0.05,0.61,0.34
21,191,0.54,0.22,0.03,0.25,0.17
21,193,0.53,0.23,0.04,0.47,0.29
21,195,0.49,0.26,0.03,0.48,0.27
21,197,0.58,0.21,0.03,0.43,0.25
21,199,0.53,0.28,0.04,0.46,0.22
21,201,0.48,0.36,0.03,0.55,0.25
21,203,0.53,0.26,0.02,0.37,0.22
21,205,0.44,0.19,0.04,0.43,0.25
21,207,0.54,0.3,0.05,0.46,0.27
21,209,0.62,0.15,0.12,0.18,0.15
21,211,0.57,0.21,0.13,0.2,0.15
21,213,0.59,0.24,0.15,0.3,0.2
21,215,0.54,0.18,0.04,0.13,0.16
21,217,0.53,0.27,0.09,0.4,0.19
21,219,0.65,0.24,0.14,0.35,0.17
21,221,0.51,0.36,0.1,0.27,0.22
21,223,0.54,0.26,0.03,0.26,0.2
21,225,0.48,0.23,0.17,0.41,0.2
21,227,0.54,0.17,0.19,0.3,0.17
21,229,0.56,0.26,0.11,0.29,0.17
21,231,0.53,0.3,0.04,0.42,0.27
21,233,0.55,0.26,0.1,0.38,0.18
21,235,0.58,0.23,0.03,0.44,0.24
21,237,0.56,0.29,0.02,0.69,0.34
21,239,0.54,0.25,0.1,0.24,0.13
22,001,0.65,0.21,0.22,0.38,0.25
22,003,0.52,0.21,0.28,0.23,0.27
22,005,0.66,0.14,0.28,0.19,0.18
22,007,0.54,0.24,0.34,0.27,0.29
22,009,0.57,0.24,0.35,0.39,0.27
22,011,0.6,0.22,0.18,0.3,0.24
22,013,0.53,0.31,0.46,0.45,0.28
22,015,0.61,0.19,0.29,0.28,0.19
22,017,0.58,0.23,0.55,0.42,0.25
22,019,0.6,0.2,0.31,0.29,0.18
22,021,0.55,0.27,0.19,0.46,0.29
22,023,0.55,0.24,0.05,0.13,0.17
22,025,0.52,0.24,0.35,0.35,0.31
22,027,0.42,0.29,0.56,0.48,0.27
22,029,0.58,0.25,0.44,0.52,0.31
22,031,0.59,0.25,0.42,0.48,0.28
22,033,0.54,0.18,0.54,0.33,0.2
22,035,0.43,0.18,0.75,0.62,0.53
22,037,0.45,0.24,0.48,0.26,0.21
22,039,0.61,0.22,0.33,0.46,0.28
22,041,0.61,0.27,0.36,0.5,0.35
22,043,0.51,0.2,0.22,0.3,0.27
22,045,0.64,0.2,0.4,0.36,0.25
22,047,0.5,0.21,0.53,0.3,0.28
22,049,0.52,0.3,0.33,0.43,0.22
22,051,0.61,0.24,0.2,0.34,0.19
22,053,0.52,0.24,0.38,0.28,0.22
22,055,0.55,0.24,0.16,0.41,0.19
22,057,0.57,0.16,0.32,0.28,0.2
22,059,0.56,0.21,0.22,0.27,0.19
22,061,0.47,0.18,0.48,0.54,0.25
22,063,0.63,0.17,0.09,0.22,0.18
22,065,0.58,0.19,0.67,0.58,0.4
22,067,0.59,0.27,0.52,0.5,0.41
22,069,0.57,0.23,0.48,0.59,0.28
22,071,0.48,0.18,0.69,0.45,0.23
22,073,0.61,0.2,0.42,0.43,0.25
22,075,0.64,0.16,0.33,0.34,0.19
22,077,0.54,0.3,0.4,0.3,0.25
22,079,0.6,0.23,0.38,0.34,0.24
22,081,0.58,0.28,0.44,0.36,0.24
22,083,0.58,0.25,0.4,0.5,0.3
22,085,0.58,0.31,0.31,0.34,0.24
22,087,0.65,0.13,0.31,0.35,0.23
22,089,0.6,0.16,0.31,0.2,0.19
22,091,0.53,0.27,0.58,0.48,0.29
22,093,0.56,0.23,0.54,0.27,0.28
22,095,0.6,0.18,0.62,0.31,0.26
22,097,0.66,0.23,0.46,0.51,0.3
22,099,0.59,0.2,0.35,0.31,0.24
22,101,0.59,0.22,0.41,0.34,0.28
22,103,0.59,0.23,0.17,0.17,0.19
22,105,0.59,0.19,0.34,0.38,0.26
22,107,0.59,0.36,0.58,0.72,0.41
22,109,0.62,0.18,0.3,0.35,0.21
22,111,0.53,0.3,0.29,0.39,0.27
22,113,0.63,0.21,0.2,0.31,0.24
22,115,0.62,0.14,0.25,0.28,0.3
22,117,0.58,0.26,0.34,0.46,0.28
22,119,0.55,0.29,0.38,0.45,0.29
22,121,0.58,0.18,0.43,0.3,0.2
22,123,0.56,0.29,0.2,0.38,0.54
22,125,0.38,0.19,0.49,0.15,0.18
22,127,0.51,0.26,0.35,0.44,0.3
23,001,0.52,0.25,0.08,0.23,0.12
23,003,0.43,0.36,0.05,0.3,0.21
23,005,0.45,0.26,0.08,0.16,0.09
23,007,0.42,0.33,0.04,0.19,0.17
23,009,0.4,0.37,0.04,0.18,0.15
23,011,0.46,0.29,0.04,0.23,0.12
23,013,0.42,0.38,0.04,0.18,0.12
23,015,0.39,0.44,0.03,0.19,0.12
23,017,0.46,0.32,0.04,0.26,0.16
23,019,0.43,0.26,0.05,0.26,0.13
23,021,0.4,0.41,0.04,0.33,0.16
23,023,0.45,0.32,0.05,0.18,0.09
23,025,0.46,0.31,0.03,0.31,0.2
23,027,0.45,0.33,0.04,0.24,0.13
23,029,0.44,0.38,0.09,0.31,0.21
23,031,0.46,0.3,0.04,0.12,0.11
24,001,0.41,0.31,0.12,0.26,0.24
24,003,0.53,0.2,0.27,0.07,0.13
24,005,0.51,0.25,0.4,0.13,0.16
24,009,0.49,0.18,0.73,0.39,0.13
24,011,0.57,0.2,0.19,0.07,0.16
24,013,0.57,0.23,0.2,0.28,0.12
24,015,0.53,0.24,0.08,0.06,0.18
24,017,0.55,0.21,0.12,0.14,0.16
24,019,0.59,0.15,0.55,0.09,0.22
24,021,0.5,0.32,0.36,0.26,0.13
24,023,0.57,0.19,0.2,0.09,0.2
24,025,0.45,0.34,0.03,0.18,0.14
24,027,0.54,0.22,0.21,0.1,0.11
24,029,0.59,0.18,0.43,0.06,0.18
24,031,0.37,0.42,0.18,0.2,0.12
24,033,0.56,0.21,0.48,0.09,0.17
24,035,0.53,0.16,0.85,0.14,0.13
24,037,0.52,0.28,0.11,0.08,0.14
24,039,0.38,0.23,0.49,0.3,0.29
24,041,0.59,0.16,0.22,0.11,0.15
24,043,0.43,0.46,0.18,0.15,0.17
24,045,0.53,0.24,0.18,0.2,0.21
24,047,0.52,0.22,0.34,0.26,0.36
24,510,0.41,0.45,0.18,0.16,0.24
25,001,0.35,0.49,0.08,0.1,0.17
25,003,0.41,0.35,0.09,0.17,0.15
25,005,0.49,0.24,0.15,0.19,0.16
25,007,0.44,0.35,0.12,0.12,0.18
25,009,0.52,0.24,0.2,0.17,0.12
25,011,0.42,0.31,0.07,0.17,0.11
25,013,0.52,0.24,0.2,0.29,0.18
25,015,0.34,0.23,0.12,0.19,0.11
25,017,0.48,0.21,0.23,0.11,0.09
25,019,0.48,0.22,0.2,0.18,0.19
25,021,0.51,0.24,0.21,0.08,0.1
25,023,0.53,0.26,0.17,0.11,0.12
25,025,0.39,0.15,0.47,0.33,0.1
25,027,0.51,0.21,0.16,0.17,0.13
26,001,0.28,0.62,0.03,0.25,0.3
26,003,0.35,0.39,0.15,0.19,0.38
26,005,0.59,0.23,0.06,0.17,0.13
26,007,0.45,0.36,0.03,0.25,0.22
26,009,0.44,0.44,0.04,0.2,0.24
26,011,0.42,0.39,0.04,0.32,0.32
26,013,0.42,0.32,0.28,0.18,0.3
26,015,0.54,0.27,0.04,0.14,0.13
26,017,0.49,0.3,0.06,0.28,0.22
26,019,0.44,0.41,0.04,0.15,0.24
26,021,0.53,0.29,0.22,0.29,0.18
26,023,0.56,0.27,0.06,0.26,0.17
26,025,0.55,0.25,0.19,0.29,0.18
26,027,0.5,0.31,0.12,0.23,0.19
26,029,0.47,0.37,0.05,0.18,0.21
26,031,0.4,0.43,0.07,0.29,0.43
26,033,0.44,0.26,0.3,0.26,0.3
26,035,0.46,0.37,0.04,0.43,0.29
26,037,0.55,0.23,0.07,0.15,0.12
26,039,0.43,0.4,0.04,0.28,0.26
26,041,0.48,0.36,0.06,0.24,0.24
26,043,0.47,0.34,0.04,0.26,0.19
26,045,0.51,0.26,0.14,0.17,0.15
26,047,0.48,0.33,0.08,0.16,0.25
26,049,0.55,0.25,0.26,0.35,0.23
26,051,0.45,0.43,0.03,0.36,0.27
26,053,0.35,0.41,0.1,0.33,0.24
26,055,0.49,0.28,0.05,0.14,0.15
26,057,0.48,0.25,0.09,0.31,0.2
26,059,0.53,0.28,0.03,0.28,0.19
26,061,0.48,0.25,0.07,0.36,0.23
26,063,0.45,0.4,0.03,0.22,0.2
26,065,0.47,0.17,0.26,0.35,0.15
26,067,0.56,0.19,0.09,0.2,0.15
26,069,0.39,0.49,0.04,0.29,0.28
26,071,0.37,0.5,0.04,0.23,0.26
26,073,0.4,0.15,0.12,0.46,0.17
26,075,0.52,0.25,0.13,0.24,0.17
26,077,0.52,0.2,0.19,0.28,0.14
26,079,0.5,0.31,0.04,0.32,0.26
26,081,0.6,0.18,0.21,0.22,0.12
26,083,0.38,0.55,0.02,0.24,0.33
26,085,0.38,0.46,0.14,0.44,0.31
26,087,0.51,0.25,0.05,0.15,0.25
26,089,0.39,0.48,0.07,0.11,0.16
26,091,0.51,0.27,0.08,0.22,0.17
26,093,0.54,0.23,0.04,0.07,0.14
26,095,0.38,0.33,0.21,0.28,0.3
26,097,0.38,0.44,0.26,0.26,0.46
26,099,0.51,0.24,0.19,0.19,0.19
26,101,0.41,0.4,0.09,0.23,0.26
26,103,0.42,0.27,0.07,0.26,0.22
26,105,0.48,0.36,0.05,0.27,0.23
26,107,0.44,0.27,0.07,0.38,0.22
26,109,0.44,0.37,0.06,0.22,0.18
26,111,0.52,0.26,0.07,0.18,0.16
26,113,0.55,0.31,0.04,0.27,0.22
26,115,0.53,0.25,0.06,0.18,0.17
26,117,0.55,0.25,0.06,0.29,0.18
26,119,0.34,0.52,0.03,0.25,0.41
26,121,0.56,0.23,0.2,0.31,0.19
26,123,0.55,0.28,0.07,0.31,0.19
26,125,0.52,0.23,0.25,0.13,0.15
26,127,0.55,0.32,0.06,0.3,0.28
26,129,0.44,0.41,0.04,0.33,0.32
26,131,0.27,0.59,0.04,0.26,0.33
26,133,0.55,0.32,0.04,0.37,0.18
26,135,0.44,0.45,0.04,0.32,0.33
26,137,0.51,0.32,0.04,0.25,0.23
26,139,0.59,0.2,0.1,0.14,0.11
26,141,0.37,0.51,0.03,0.25,0.37
26,143,0.34,0.53,0.03,0.35,0.37
26,145,0.52,0.28,0.26,0.3,0.22
26,147,0.52,0.32,0.03,0.25,0.23
26,149,0.42,0.42,0.14,0.38,0.19
26,151,0.52,0.26,0.03,0.21,0.22
26,153,0.51,0.27,0.07,0.22,0.34
26,155,0.6,0.26,0.09,0.27,0.19
26,157,0.5,0.3,0.04,0.27,0.24
26,159,0.57,0.25,0.14,0.27,0.21
26,161,0.45,0.17,0.27,0.23,0.12
26,163,0.57,0.21,0.49,0.43,0.24
26,165,0.56,0.28,0.04,0.3,0.2
27,001,0.38,0.55,0.05,0.19,0.3
27,003,0.58,0.17,0.16,0.08,0.13
27,005,0.59,0.31,0.13,0.21,0.18
27,007,0.61,0.22,0.28,0.32,0.19
27,009,0.6,0.19,0.07,0.23,0.17
27,011,0.48,0.43,0.01,0.18,0.19
27,013,0.46,0.18,0.09,0.3,0.11
27,015,0.52,0.33,0.04,0.11,0.16
27,017,0.54,0.25,0.11,0.19,0.2
27,019,0.67,0.13,0.08,0.03,0.11
27,021,0.5,0.41,0.16,0.26,0.26
27,023,0.55,0.33,0.08,0.17,0.17
27,025,0.56,0.21,0.05,0.06,0.17
27,027,0.57,0.18,0.09,0.19,0.12
27,029,0.6,0.32,0.14,0.31,0.4
27,031,0.33,0.44,0.14,0.21,0.19
27,033,0.57,0.37,0.1,0.26,0.16
27,035,0.52,0.34,0.04,0.14,0.19
27,037,0.6,0.18,0.18,0.09,0.12
27,039,0.65,0.2,0.04,0.07,0.15
27,041,0.5,0.35,0.03,0.12,0.13
27,043,0.52,0.37,0.03,0.18,0.19
27,045,0.58,0.32,0.02,0.18,0.14
27,047,0.52,0.36,0.06,0.19,0.15
27,049,0.54,0.29,0.06,0.17,0.12
27,051,0.52,0.38,0.03,0.17,0.2
27,053,0.53,0.18,0.28,0.18,0.11
27,055,0.51,0.32,0.03,0.13,0.13
27,057,0.5,0.4,0.06,0.17,0.25
27,059,0.58,0.21,0.05,0.09,0.18
27,061,0.5,0.35,0.07,0.2,0.28
27,063,0.53,0.33,0.05,0.11,0.15
27,065,0.51,0.31,0.04,0.18,0.28
27,067,0.58,0.27,0.12,0.18,0.15
27,069,0.51,0.39,0.02,0.17,0.16
27,071,0.44,0.37,0.07,0.29,0.31
27,073,0.46,0.43,0.03,0.14,0.16
27,075,0.43,0.41,0.03,0.14,0.16
27,077,0.44,0.36,0.07,0.1,0.18
27,079,0.58,0.25,0.04,0.13,0.2
27,081,0.55,0.41,0.02,0.18,0.17
27,083,0.6,0.22,0.12,0.22,0.13
27,085,0.76,0.26,0.56,0.4,0.16
27,087,0.55,0.33,0.03,0.11,0.22
27,089,0.51,0.37,0.03,0.18,0.28
27,091,0.56,0.28,0.05,0.12,0.17
27,093,0.59,0.29,0.03,0.12,0.17
27,095,0.58,0.27,0.1,0.18,0.25
27,097,0.56,0.28,0.03,0.18,0.24
27,099,0.59,0.29,0.1,0.21,0.12
27,101,0.5,0.41,0.03,0.12,0.19
27,103,0.52,0.22,0.07,0.16,0.1
27,105,0.64,0.23,0.23,0.27,0.12
27,107,0.56,0.35,0.07,0.19,0.22
27,109,0.59,0.21,0.16,0.13,0.1
27,111,0.51,0.37,0.05,0.14,0.19
27,113,0.55,0.27,0.06,0.16,0.21
27,115,0.48,0.3,0.09,0.21,0.26
27,117,0.59,0.33,0.08,0.19,0.15
27,119,0.57,0.27,0.08,0.19,0.18
27,121,0.5,0.38,0.03,0.11,0.13
27,123,0.56,0.19,0.34,0.25,0.12
27,125,0.59,0.3,0.05,0.14,0.25
27,127,0.57,0.34,0.12,0.19,0.16
27,129,0.54,0.33,0.09,0.17,0.2
27,131,0.52,0.21,0.13,0.16,0.13
27,133,0.6,0.31,0.04,0.17,0.09
27,135,0.59,0.24,0.07,0.14,0.17
27,137,0.69,0.12,0.16,0.06,0.18
27,139,0.66,0.13,0.07,0.08,0.11
27,141,0.58,0.27,0.03,0.12,0.15
27,143,0.45,0.28,0.08,0.25,0.17
27,145,0.55,0.2,0.11,0.2,0.13
27,147,0.61,0.25,0.1,0.15,0.13
27,149,0.49,0.27,0.07,0.25,0.11
27,151,0.53,0.35,0.05,0.2,0.2
27,153,0.57,0.33,0.05,0.21,0.2
27,155,0.49,0.43,0.08,0.17,0.16
27,157,0.52,0.33,0.03,0.07,0.14
27,159,0.59,0.34,0.04,0.25,0.3
27,161,0.57,0.25,0.07,0.12,0.17
27,163,0.6,0.19,0.14,0.05,0.11
27,165,0.58,0.31,0.13,0.2,0.18
27,167,0.54,0.29,0.06,0.15,0.15
27,169,0.42,0.23,0.07,0.22,0.12
27,171,0.7,0.15,0.06,0.05,0.14
27,173,0.55,0.32,0.08,0.2,0.17
28,001,0.55,0.27,0.6,0.59,0.34
28,003,0.57,0.27,0.15,0.34,0.22
28,005,0.49,0.35,0.44,0.41,0.34
28,007,0.62,0.29,0.48,0.4,0.3
28,009,0.53,0.27,0.41,0.36,0.29
28,011,0.6,0.21,0.7,0.68,0.34
28,013,0.58,0.28,0.34,0.49,0.26
28,015,0.46,0.35,0.37,0.23,0.3
28,017,0.6,0.24,0.48,0.41,0.26
28,019,0.53,0.33,0.33,0.44,0.26
28,021,0.51,0.24,0.92,0.82,0.54
28,023,0.54,0.3,0.38,0.33,0.3
28,025,0.57,0.26,0.63,0.49,0.37
28,027,0.67,0.2,0.82,0.67,0.38
28,029,0.56,0.24,0.57,0.43,0.32
28,031,0.6,0.24,0.39,0.42,0.23
28,033,0.64,0.17,0.32,0.15,0.2
28,035,0.55,0.18,0.42,0.46,0.24
28,037,0.58,0.29,0.38,0.31,0.33
28,039,0.64,0.21,0.11,0.24,0.36
28,041,0.47,0.18,0.28,0.18,0.38
28,043,0.57,0.26,0.46,0.44,0.24
28,045,0.52,0.29,0.13,0.3,0.26
28,047,0.58,0.2,0.33,0.36,0.24
28,049,0.6,0.18,0.77,0.42,0.24
28,051,0.64,0.2,0.88,0.86,0.52
28,053,0.66,0.22,0.82,0.77,0.51
28,055,0.31,0.27,0.68,0.62,0.57
28,057,0.52,0.26,0.09,0.31,0.22
28,059,0.58,0.21,0.29,0.26,0.28
28,061,0.55,0.3,0.57,0.42,0.33
28,063,0.6,0.21,0.9,0.85,0.8
28,065,0.49,0.33,0.65,0.6,0.33
28,067,0.62,0.24,0.32,0.38,0.25
28,069,0.48,0.29,0.67,0.54,0.39
28,071,0.42,0.15,0.29,0.42,0.2
28,073,0.61,0.17,0.25,0.28,0.19
28,075,0.57,0.24,0.47,0.37,0.26
28,077,0.58,0.26,0.36,0.35,0.33
28,079,0.66,0.21,0.51,0.45,0.26
28,081,0.62,0.2,0.33,0.3,0.2
28,083,0.68,0.19,0.79,0.74,0.37
28,085,0.59,0.24,0.33,0.42,0.26
28,087,0.57,0.21,0.48,0.37,0.25
28,089,0.61,0.17,0.45,0.19,0.2
28,091,0.56,0.26,0.36,0.46,0.26
28,093,0.52,0.24,0.53,0.29,0.27
28,095,0.55,0.29,0.33,0.34,0.26
28,097,0.55,0.32,0.48,0.47,0.28
28,099,0.69,0.23,0.41,0.39,0.28
28,101,0.61,0.24,0.39,0.41,0.26
28,103,0.62,0.23,0.76,0.65,0.35
28,105,0.4,0.13,0.44,0.49,0.26
28,107,0.62,0.22,0.54,0.37,0.32
28,109,0.55,0.28,0.16,0.31,0.24
28,111,0.56,0.26,0.22,0.35,0.32
28,113,0.65,0.24,0.58,0.59,0.31
28,115,0.65,0.21,0.22,0.29,0.19
28,117,0.55,0.27,0.17,0.39,0.23
28,119,0.59,0.23,0.75,0.7,0.4
28,121,0.58,0.2,0.24,0.12,0.17
28,123,0.64,0.21,0.44,0.51,0.2
28,125,0.6,0.25,0.76,0.53,0.41
28,127,0.59,0.25,0.4,0.49,0.24
28,129,0.59,0.28,0.25,0.32,0.24
28,131,0.54,0.2,0.22,0.29,0.32
28,133,0.55,0.16,0.78,0.52,0.44
28,135,0.38,0.2,0.67,0.37,0.27
28,137,0.57,0.23,0.35,0.32,0.26
28,139,0.59,0.24,0.21,0.41,0.24
28,141,0.52,0.32,0.05,0.32,0.24
28,143,0.73,0.14,0.84,0.5,0.3
28,145,0.61,0.24,0.2,0.32,0.19
28,147,0.58,0.29,0.49,0.47,0.35
28,149,0.59,0.23,0.54,0.43,0.28
28,151,0.64,0.21,0.77,0.63,0.37
28,153,0.6,0.24,0.44,0.44,0.29
28,155,0.58,0.26,0.22,0.46,0.26
28,157,0.51,0.24,0.75,0.65,0.51
28,159,0.54,0.3,0.52,0.46,0.29
28,161,0.55,0.3,0.43,0.4,0.27
28,163,0.6,0.18,0.64,0.58,0.31
29,001,0.42,0.2,0.08,0.43,0.17
29,003,0.55,0.28,0.04,0.13,0.11
29,005,0.45,0.41,0.02,0.19,0.16
29,007,0.56,0.26,0.11,0.26,0.15
29,009,0.54,0.31,0.07,0.36,0.15
29,011,0.59,0.3,0.07,0.37,0.15
29,013,0.58,0.3,0.04,0.24,0.18
29,015,0.41,0.5,0.03,0.32,0.22
29,017,0.53,0.3,0.02,0.35,0.17
29,019,0.48,0.14,0.19,0.31,0.09
29,021,0.55,0.22,0.12,0.29,0.13
29,023,0.56,0.28,0.1,0.38,0.22
29,025,0.58,0.31,0.04,0.21,0.13
29,027,0.5,0.22,0.09,0.18,0.12
29,029,0.42,0.45,0.04,0.3,0.2
29,031,0.51,0.24,0.13,0.3,0.12
29,033,0.54,0.33,0.04,0.32,0.13
29,035,0.59,0.3,0.05,0.24,0.23
29,037,0.6,0.24,0.09,0.14,0.12
29,039,0.57,0.38,0.04,0.4,0.16
29,041,0.54,0.39,0.04,0.23,0.12
29,043,0.63,0.21,0.05,0.16,0.11
29,045,0.57,0.32,0.02,0.26,0.16
29,047,0.59,0.19,0.15,0.13,0.12
29,049,0.57,0.27,0.05,0.17,0.12
29,051,0.54,0.22,0.17,0.19,0.1
29,053,0.52,0.26,0.11,0.16,0.16
29,055,0.56,0.29,0.03,0.35,0.17
29,057,0.5,0.38,0.05,0.41,0.13
29,059,0.56,0.31,0.04,0.27,0.2
29,061,0.62,0.32,0.03,0.21,0.14
29,063,0.37,0.24,0.15,0.14,0.13
29,065,0.55,0.34,0.04,0.37,0.16
29,067,0.5,0.38,0.01,0.37,0.24
29,069,0.62,0.28,0.16,0.48,0.26
29,071,0.56,0.24,0.04,0.16,0.13
29,073,0.5,0.36,0.03,0.19,0.15
29,075,0.6,0.31,0.03,0.31,0.11
29,077,0.49,0.23,0.1,0.31,0.11
29,079,0.55,0.34,0.04,0.36,0.15
29,081,0.59,0.35,0.03,0.31,0.14
29,083,0.53,0.33,0.04,0.37,0.16
29,085,0.39,0.58,0.04,0.42,0.19
29,087,0.46,0.39,0.03,0.19,0.11
29,089,0.53,0.27,0.09,0.26,0.13
29,091,0.58,0.3,0.04,0.41,0.18
29,093,0.49,0.34,0.04,0.36,0.22
29,095,0.57,0.2,0.35,0.27,0.16
29,097,0.61,0.21,0.1,0.3,0.12
29,099,0.57,0.2,0.04,0.17,0.13
29,101,0.51,0.16,0.11,0.25,0.16
29,103,0.57,0.35,0.03,0.35,0.12
29,105,0.59,0.26,0.04,0.31,0.33
29,107,0.55,0.28,0.06,0.21,0.13
29,109,0.61,0.27,0.05,0.29,0.15
29,111,0.55,0.28,0.06,0.24,0.13
29,113,0.63,0.18,0.05,0.22,0.14
29,115,0.57,0.33,0.04,0.28,0.23
29,117,0.51,0.32,0.06,0.29,0.1
29,119,0.57,0.35,0.06,0.29,0.14
29,121,0.54,0.29,0.03,0.32,0.15
29,123,0.49,0.32,0.02,0.33,0.15
29,125,0.56,0.26,0.09,0.31,0.15
29,127,0.63,0.22,0.13,0.33,0.13
29,129,0.6,0.33,0.03,0.3,0.13
29,131,0.57,0.28,0.04,0.28,0.17
29,133,0.52,0.26,0.28,0.51,0.18
29,135,0.6,0.23,0.08,0.17,0.12
29,137,0.53,0.35,0.05,0.21,0.19
29,139,0.55,0.32,0.05,0.27,0.13
29,141,0.52,0.39,0.04,0.46,0.19
29,143,0.56,0.28,0.2,0.43,0.19
29,145,0.58,0.27,0.1,0.21,0.14
29,147,0.37,0.21,0.06,0.35,0.12
29,149,0.53,0.38,0.05,0.46,0.17
29,151,0.55,0.25,0.02,0.09,0.09
29,153,0.46,0.45,0.04,0.51,0.27
29,155,0.64,0.24,0.31,0.52,0.23
29,157,0.57,0.26,0.03,0.11,0.1
29,159,0.6,0.24,0.1,0.29,0.15
29,161,0.5,0.23,0.09,0.34,0.14
29,163,0.52,0.26,0.11,0.22,0.16
29,165,0.57,0.19,0.15,0.1,0.11
29,167,0.56,0.27,0.05,0.23,0.15
29,169,0.53,0.09,0.26,0.16,0.18
29,171,0.53,0.39,0.04,0.29,0.16
29,173,0.51,0.32,0.03,0.22,0.13
29,175,0.52,0.24,0.1,0.26,0.17
29,177,0.55,0.27,0.04,0.27,0.16
29,179,0.49,0.36,0.05,0.29,0.16
29,181,0.55,0.31,0.04,0.42,0.26
29,183,0.55,0.28,0.15,0.28,0.1
29,185,0.65,0.31,0.02,0.32,0.21
29,186,0.69,0.29,0.02,0.28,0.11
29,187,0.57,0.27,0.15,0.35,0.16
29,189,0.52,0.33,0.05,0.56,0.13
29,195,0.57,0.33,0.03,0.25,0.13
29,197,0.58,0.2,0.1,0.06,0.2
29,199,0.43,0.45,0.05,0.39,0.13
29,201,0.5,0.23,0.07,0.23,0.15
29,203,0.53,0.26,0.32,0.15,0.26
29,205,0.47,0.17,0.56,0.45,0.12
29,207,0.53,0.28,0.03,0.29,0.22
29,209,0.52,0.31,0.03,0.29,0.23
29,211,0.39,0.5,0.04,0.21,0.15
29,213,0.55,0.32,0.07,0.27,0.24
29,215,0.5,0.33,0.08,0.29,0.2
29,217,0.55,0.32,0.08,0.44,0.15
29,219,0.57,0.28,0.05,0.25,0.12
29,221,0.58,0.27,0.07,0.21,0.2
29,223,0.55,0.24,0.05,0.34,0.22
29,225,0.5,0.37,0.03,0.42,0.16
29,227,0.66,0.22,0.05,0.31,0.11
29,229,0.48,0.4,0.02,0.25,0.25
29,510,0.6,0.3,0.04,0.45,0.17
30,001,0.41,0.34,0.05,0.26,0.12
30,003,0.83,0.15,0.72,0.49,0.36
30,005,0.73,0.22,0.56,0.61,0.15
30,007,0.47,0.37,0.04,0.11,0.18
30,009,0.42,0.4,0.03,0.15,0.15
30,011,0.45,0.45,0.02,0.19,0.11
30,013,0.53,0.27,0.12,0.21,0.15
30,015,0.58,0.3,0.24,0.36,0.11
30,017,0.51,0.3,0.06,0.14,0.12
30,019,0.5,0.4,0.01,0.04,0.07
30,021,0.53,0.27,0.06,0.19,0.09
30,023,0.36,0.36,0.07,0.31,0.13
30,025,0.63,0.25,0.05,0.07,0.06
30,027,0.48,0.37,0.04,0.25,0.13
30,029,0.53,0.27,0.06,0.22,0.22
30,031,0.48,0.15,0.06,0.21,0.09
30,033,0.49,0.34,0.0,0.05,0.09
30,035,0.77,0.15,0.71,0.61,0.37
30,037,0.48,0.37,0.1,0.32,0.18
30,039,0.44,0.47,0.03,0.15,0.27
30,041,0.66,0.2,0.3,0.37,0.16
30,043,0.49,0.31,0.06,0.15,0.14
30,045,0.38,0.38,0.03,0.23,0.13
30,047,0.58,0.33,0.34,0.37,0.19
30,049,0.51,0.26,0.06,0.18,0.12
30,051,0.38,0.37,0.01,0.23,0.1
30,053,0.42,0.44,0.05,0.28,0.35
30,055,0.35,0.47,0.05,0.17,0.07
30,057,0.58,0.41,0.09,0.1,0.13
30,059,0.63,0.38,0.04,0.27,0.15
30,061,0.42,0.46,0.02,0.36,0.27
30,063,0.45,0.21,0.08,0.27,0.13
30,065,0.5,0.38,0.05,0.3,0.17
30,067,0.44,0.33,0.04,0.22,0.15
30,069,0.38,0.36,0.02,0.15,0.16
30,071,0.56,0.35,0.15,0.31,0.16
30,073,0.6,0.31,0.19,0.33,0.17
30,075,0.38,0.37,0.06,0.11,0.09
30,077,0.32,0.3,0.09,0.18,0.16
30,079,0.54,0.45,0.01,0.15,0.17
30,081,0.47,0.39,0.04,0.27,0.18
30,083,0.6,0.19,0.06,0.07,0.11
30,085,0.8,0.13,0.66,0.53,0.19
30,087,0.7,0.21,0.42,0.34,0.23
30,089,0.42,0.47,0.08,0.38,0.28
30,091,0.5,0.36,0.08,0.2,0.08
30,093,0.47,0.27,0.06,0.33,0.17
30,095,0.52,0.33,0.04,0.08,0.13
30,097,0.53,0.45,0.05,0.16,0.11
30,099,0.56,0.36,0.05,0.15,0.14
30,101,0.46,0.24,0.1,0.24,0.09
30,103,0.46,0.34,0.05,0.3,0.11
30,105,0.52,0.35,0.14,0.1,0.13
30,107,0.6,0.3,0.05,0.35,0.17
30,109,0.53,0.44,0.0,0.16,0.12
30,111,0.56,0.24,0.09,0.15,0.13
31,001,0.57,0.26,0.07,0.19,0.13
31,003,0.55,0.37,0.03,0.18,0.1
31,005,0.77,0.36,0.02,0.17,0.25
31,007,0.56,0.27,0.03,0.13,0.16
31,009,0.5,0.4,0.02,0.15,0.23
31,011,0.55,0.36,0.02,0.1,0.11
31,013,0.61,0.26,0.08,0.17,0.13
31,015,0.54,0.45,0.05,0.15,0.14
31,017,0.49,0.44,0.03,0.27,0.15
31,019,0.55,0.19,0.07,0.23,0.1
31,021,0.53,0.4,0.05,0.2,0.15
31,023,0.57,0.32,0.03,0.11,0.1
31,025,0.59,0.24,0.04,0.08,0.14
31,027,0.6,0.34,0.02,0.14,0.1
31,029,0.55,0.34,0.01,0.11,0.09
31,031,0.53,0.35,0.1,0.13,0.09
31,033,0.57,0.27,0.05,0.17,0.16
31,035,0.58,0.31,0.03,0.17,0.13
31,037,0.74,0.17,0.13,0.11,0.11
31,039,0.59,0.35,0.07,0.11,0.11
31,041,0.55,0.35,0.03,0.19,0.09
31,043,0.71,0.18,0.3,0.29,0.17
31,045,0.42,0.27,0.12,0.21,0.12
31,047,0.67,0.22,0.11,0.22,0.12
31,049,0.46,0.42,0.04,0.17,0.12
31,051,0.61,0.31,0.05,0.16,0.13
31,053,0.56,0.3,0.06,0.21,0.12
31,055,0.62,0.16,0.21,0.22,0.14
31,057,0.59,0.35,0.01,0.16,0.1
31,059,0.48,0.39,0.03,0.14,0.1
31,061,0.45,0.45,0.02,0.22,0.15
31,063,0.48,0.4,0.02,0.16,0.14
31,065,0.54,0.39,0.03,0.22,0.11
31,067,0.52,0.33,0.04,0.13,0.16
31,069,0.44,0.44,0.02,0.18,0.12
31,071,0.46,0.47,0.02,0.09,0.11
31,073,0.46,0.38,0.02,0.06,0.1
31,075,0.54,0.39,0.02,0.36,0.11
31,077,0.57,0.42,0.02,0.15,0.12
31,079,0.66,0.21,0.11,0.22,0.15
31,081,0.58,0.29,0.04,0.09,0.12
31,083,0.53,0.44,0.04,0.21,0.11
31,085,0.47,0.28,0.01,0.13,0.09
31,087,0.53,0.41,0.01,0.23,0.15
31,089,0.57,0.34,0.03,0.13,0.1
31,091,0.35,0.64,0.01,0.29,0.13
31,093,0.58,0.34,0.03,0.16,0.15
31,095,0.51,0.39,0.03,0.16,0.11
31,097,0.44,0.29,0.15,0.11,0.15
31,099,0.59,0.3,0.02,0.14,0.09
31,101,0.47,0.44,0.04,0.21,0.13
31,103,0.47,0.42,0.02,0.11,0.1
31,105,0.55,0.41,0.06,0.18,0.12
31,107,0.58,0.4,0.14,0.2,0.12
31,109,0.55,0.18,0.14,0.22,0.11
31,111,0.57,0.28,0.05,0.2,0.15
31,113,0.7,0.31,0.04,0.15,0.12
31,115,0.45,0.44,0.0,0.13,0.18
31,117,0.6,0.23,0.09,0.27,0.11
31,119,0.53,0.28,0.02,0.28,0.11
31,121,0.54,0.33,0.05,0.15,0.13
31,123,0.57,0.32,0.05,0.14,0.12
31,125,0.54,0.33,0.01,0.18,0.12
31,127,0.49,0.3,0.04,0.17,0.16
31,129,0.47,0.45,0.02,0.16,0.11
31,131,0.57,0.3,0.05,0.15,0.13
31,133,0.49,0.46,0.03,0.36,0.12
31,135,0.57,0.37,0.01,0.05,0.09
31,137,0.58,0.32,0.03,0.09,0.1
31,139,0.6,0.29,0.03,0.09,0.11
31,141,0.63,0.25,0.05,0.12,0.12
31,143,0.55,0.33,0.03,0.1,0.11
31,145,0.55,0.31,0.03,0.18,0.11
31,147,0.49,0.39,0.07,0.28,0.13
31,149,0.38,0.47,0.02,0.14,0.13
31,151,0.59,0.21,0.1,0.17,0.13
31,153,0.68,0.14,0.12,0.06,0.12
31,155,0.6,0.27,0.03,0.13,0.11
31,157,0.6,0.28,0.08,0.21,0.16
31,159,0.56,0.26,0.04,0.12,0.12
31,161,0.53,0.43,0.17,0.27,0.11
31,163,0.5,0.43,0.02,0.16,0.13
31,165,0.47,0.38,0.06,0.2,0.11
31,167,0.63,0.24,0.03,0.14,0.1
31,169,0.5,0.43,0.03,0.17,0.11
31,171,0.48,0.34,0.02,0.2,0.15
31,173,0.88,0.16,0.63,0.57,0.2
31,175,0.51,0.42,0.02,0.18,0.13
31,177,0.58,0.26,0.04,0.15,0.12
31,179,0.45,0.22,0.05,0.19,0.1
31,181,0.54,0.37,0.05,0.17,0.15
31,183,0.42,0.43,0.01,0.0,0.11
31,185,0.54,0.31,0.05,0.14,0.11
32,001,0.48,0.31,0.2,0.24,0.15
32,003,0.55,0.28,0.16,0.23,0.18
32,005,0.56,0.2,0.4,0.24,0.17
32,007,0.41,0.43,0.12,0.15,0.12
32,009,0.67,0.12,0.13,0.18,0.16
32,011,0.42,0.48,0.1,0.09,0.09
32,013,0.56,0.21,0.02,0.16,0.12
32,015,0.66,0.16,0.12,0.13,0.13
32,017,0.66,0.23,0.11,0.22,0.18
32,019,0.44,0.35,0.13,0.17,0.22
32,021,0.52,0.33,0.15,0.23,0.18
32,023,0.48,0.35,0.4,0.36,0.24
32,027,0.39,0.49,0.18,0.3,0.18
32,029,0.39,0.23,0.18,0.17,0.16
32,031,0.25,0.56,0.07,0.11,0.13
32,033,0.53,0.22,0.21,0.22,0.12
32,510,0.49,0.24,0.15,0.18,0.17
33,001,0.45,0.33,0.03,0.13,0.1
33,003,0.38,0.43,0.03,0.14,0.1
33,005,0.42,0.28,0.05,0.15,0.1
33,007,0.38,0.36,0.06,0.2,0.13
33,009,0.39,0.3,0.08,0.16,0.08
33,011,0.5,0.21,0.1,0.12,0.1
33,013,0.46,0.26,0.06,0.1,0.09
33,015,0.47,0.24,0.05,0.05,0.11
33,017,0.45,0.2,0.07,0.13,0.09
33,019,0.46,0.31,0.04,0.14,0.09
34,001,0.52,0.25,0.34,0.26,0.24
34,003,0.51,0.25,0.3,0.1,0.12
34,005,0.51,0.24,0.29,0.08,0.14
34,007,0.55,0.22,0.38,0.21,0.18
34,009,0.41,0.41,0.09,0.16,0.35
34,011,0.57,0.21,0.35,0.3,0.26
34,013,0.57,0.18,0.6,0.28,0.2
34,015,0.54,0.21,0.19,0.11,0.16
34,017,0.48,0.15,0.47,0.3,0.14
34,019,0.48,0.25,0.09,0.04,0.11
34,021,0.51,0.21,0.38,0.17,0.13
34,023,0.52,0.2,0.42,0.12,0.13
34,025,0.52,0.25,0.19,0.1,0.13
34,027,0.52,0.24,0.19,0.04,0.11
34,029,0.56,0.36,0.09,0.17,0.16
34,031,0.58,0.2,0.39,0.29,0.19
34,033,0.52,0.27,0.2,0.23,0.22
34,035,0.54,0.21,0.34,0.05,0.12
34,037,0.5,0.23,0.07,0.06,0.15
34,039,0.56,0.2,0.45,0.16,0.16
34,041,0.49,0.25,0.11,0.11,0.14
35,001,0.54,0.22,0.27,0.31,0.2
35,003,0.33,0.7,0.02,0.39,0.3
35,005,0.65,0.23,0.18,0.37,0.23
35,006,0.58,0.22,0.57,0.49,0.3
35,007,0.43,0.42,0.12,0.41,0.22
35,009,0.65,0.16,0.33,0.4,0.18
35,011,0.58,0.3,0.27,0.41,0.19
35,013,0.61,0.21,0.12,0.51,0.27
35,015,0.64,0.21,0.09,0.24,0.13
35,017,0.49,0.42,0.07,0.39,0.22
35,019,0.43,0.39,0.17,0.18,0.25
35,021,0.43,0.54,0.07,0.35,0.24
35,023,0.55,0.33,0.05,0.47,0.19
35,025,0.74,0.14,0.12,0.27,0.17
35,027,0.43,0.46,0.09,0.26,0.21
35,028,0.55,0.27,0.14,0.05,0.13
35,029,0.64,0.33,0.09,0.59,0.62
35,031,0.72,0.15,0.87,0.71,0.34
35,033,0.42,0.36,0.45,0.36,0.28
35,035,0.57,0.25,0.23,0.36,0.23
35,037,0.52,0.4,0.12,0.39,0.24
35,039,0.57,0.27,0.46,0.49,0.25
35,041,0.59,0.18,0.29,0.48,0.2
35,043,0.67,0.19,0.5,0.37,0.22
35,045,0.47,0.31,0.52,0.55,0.27
35,047,0.58,0.24,0.31,0.25,0.27
35,049,0.45,0.34,0.18,0.24,0.17
35,051,0.37,0.61,0.08,0.37,0.33
35,053,0.56,0.28,0.24,0.48,0.27
35,055,0.44,0.39,0.19,0.38,0.28
35,057,0.49,0.31,0.1,0.48,0.33
35,059,0.48,0.3,0.17,0.2,0.15
35,061,0.58,0.24,0.2,0.39,0.25
36,001,0.44,0.24,0.25,0.19,0.16
36,003,0.48,0.27,0.05,0.25,0.26
36,005,0.61,0.16,0.82,0.54,0.25
36,007,0.46,0.28,0.15,0.28,0.22
36,009,0.54,0.28,0.08,0.28,0.24
36,011,0.47,0.27,0.08,0.17,0.19
36,013,0.49,0.29,0.08,0.31,0.22
36,015,0.52,0.27,0.12,0.25,0.19
36,017,0.5,0.31,0.04,0.24,0.2
36,019,0.42,0.23,0.09,0.24,0.2
36,021,0.42,0.35,0.11,0.18,0.13
36,023,0.46,0.23,0.06,0.23,0.23
36,025,0.4,0.38,0.05,0.27,0.22
36,027,0.46,0.24,0.22,0.13,0.16
36,029,0.48,0.26,0.23,0.25,0.19
36,031,0.39,0.35,0.07,0.12,0.22
36,033,0.46,0.23,0.18,0.3,0.23
36,035,0.48,0.29,0.05,0.27,0.23
36,037,0.49,0.28,0.08,0.21,0.17
36,039,0.39,0.33,0.11,0.19,0.2
36,041,0.31,0.47,0.03,0.15,0.28
36,043,0.5,0.3,0.04,0.25,0.23
36,045,0.59,0.17,0.14,0.23,0.26
36,047,0.55,0.18,0.59,0.39,0.18
36,049,0.55,0.26,0.04,0.24,0.26
36,051,0.43,0.25,0.07,0.22,0.19
36,053,0.47,0.25,0.05,0.16,0.2
36,055,0.5,0.24,0.25,0.24,0.19
36,057,0.54,0.28,0.12,0.34,0.24
36,059,0.52,0.26,0.32,0.07,0.15
36,061,0.32,0.23,0.45,0.29,0.15
36,063,0.48,0.28,0.13,0.22,0.23
36,065,0.5,0.28,0.15,0.27,0.19
36,067,0.51,0.24,0.21,0.24,0.17
36,069,0.49,0.29,0.08,0.14,0.17
36,071,0.62,0.18,0.27,0.19,0.17
36,073,0.47,0.25,0.11,0.25,0.22
36,075,0.51,0.22,0.05,0.31,0.25
36,077,0.38,0.31,0.07,0.25,0.19
36,079,0.49,0.24,0.11,0.05,0.16
36,081,0.47,0.21,0.63,0.23,0.15
36,083,0.47,0.24,0.14,0.2,0.17
36,085,0.52,0.23,0.26,0.21,0.17
36,087,0.67,0.23,0.3,0.24,0.16
36,089,0.49,0.25,0.07,0.08,0.26
36,091,0.51,0.25,0.23,0.2,0.15
36,093,0.42,0.31,0.04,0.22,0.17
36,095,0.46,0.31,0.04,0.26,0.22
36,097,0.47,0.28,0.09,0.17,0.22
36,099,0.48,0.24,0.07,0.3,0.17
36,101,0.52,0.28,0.05,0.24,0.21
36,103,0.52,0.24,0.2,0.09,0.16
36,105,0.5,0.27,0.19,0.26,0.18
36,107,0.51,0.29,0.03,0.18,0.18
36,109,0.34,0.18,0.2,0.31,0.16
36,111,0.42,0.28,0.15,0.21,0.17
36,113,0.44,0.33,0.04,0.15,0.21
36,115,0.46,0.28,0.06,0.2,0.18
36,117,0.52,0.27,0.07,0.19,0.18
36,119,0.54,0.24,0.36,0.14,0.17
36,121,0.46,0.25,0.08,0.16,0.2
36,123,0.53,0.3,0.04,0.2,0.16
37,001,0.54,0.25,0.31,0.3,0.17
37,003,0.49,0.3,0.12,0.24,0.14
37,005,0.41,0.42,0.09,0.37,0.22
37,007,0.47,0.26,0.54,0.38,0.19
37,009,0.43,0.39,0.05,0.34,0.16
37,011,0.35,0.33,0.07,0.2,0.16
37,013,0.49,0.36,0.3,0.34,0.21
37,015,0.42,0.33,0.67,0.37,0.22
37,017,0.51,0.31,0.45,0.45,0.22
37,019,0.38,0.48,0.17,0.24,0.24
37,021,0.45,0.29,0.12,0.21,0.12
37,023,0.46,0.3,0.16,0.33,0.16
37,025,0.63,0.18,0.28,0.18,0.16
37,027,0.49,0.29,0.11,0.28,0.18
37,029,0.56,0.24,0.18,0.13,0.17
37,031,0.42,0.38,0.11,0.2,0.19
37,033,0.44,0.31,0.39,0.37,0.2
37,035,0.54,0.26,0.22,0.24,0.16
37,037,0.49,0.38,0.21,0.22,0.15
37,039,0.4,0.47,0.07,0.29,0.2
37,041,0.49,0.38,0.39,0.41,0.22
37,043,0.41,0.5,0.02,0.31,0.2
37,045,0.53,0.27,0.26,0.35,0.18
37,047,0.52,0.29,0.4,0.41,0.23
37,049,0.53,0.27,0.31,0.25,0.18
37,051,0.6,0.14,0.51,0.3,0.24
37,053,0.53,0.23,0.1,0.14,0.16
37,055,0.45,0.31,0.09,0.13,0.22
37,057,0.54,0.26,0.15,0.27,0.16
37,059,0.51,0.31,0.11,0.23,0.15
37,061,0.59,0.26,0.34,0.48,0.18
37,063,0.51,0.16,0.51,0.27,0.15
37,065,0.55,0.28,0.64,0.44,0.28
37,067,0.56,0.22,0.35,0.32,0.16
37,069,0.54,0.23,0.34,0.28,0.18
37,071,0.55,0.23,0.24,0.28,0.17
37,073,0.49,0.29,0.39,0.2,0.18
37,075,0.5,0.38,0.12,0.33,0.25
37,077,0.49,0.24,0.41,0.23,0.15
37,079,0.5,0.22,0.44,0.42,0.17
37,081,0.54,0.21,0.46,0.28,0.18
37,083,0.51,0.3,0.62,0.48,0.27
37,085,0.65,0.16,0.34,0.31,0.21
37,087,0.42,0.4,0.04,0.29,0.15
37,089,0.46,0.42,0.1,0.19,0.14
37,091,0.45,0.29,0.67,0.37,0.24
37,093,0.69,0.1,0.57,0.38,0.23
37,095,0.48,0.27,0.33,0.32,0.42
37,097,0.57,0.22,0.19,0.21,0.16
37,099,0.39,0.29,0.17,0.35,0.18
37,101,0.63,0.17,0.23,0.24,0.16
37,103,0.45,0.33,0.35,0.49,0.17
37,105,0.6,0.23,0.29,0.3,0.2
37,107,0.54,0.29,0.47,0.4,0.17
37,109,0.52,0.25,0.12,0.26,0.15
37,111,0.44,0.47,0.07,0.31,0.17
37,113,0.42,0.34,0.04,0.3,0.17
37,115,0.49,0.34,0.47,0.34,0.16
37,117,0.49,0.3,0.09,0.34,0.24
37,119,0.58,0.13,0.47,0.22,0.16
37,121,0.43,0.4,0.04,0.26,0.21
37,123,0.55,0.3,0.24,0.36,0.18
37,125,0.5,0.4,0.18,0.22,0.17
37,127,0.54,0.26,0.49,0.27,0.22
37,129,0.45,0.25,0.2,0.31,0.16
37,131,0.43,0.4,0.63,0.45,0.24
37,133,0.59,0.1,0.26,0.21,0.21
37,135,0.47,0.17,0.26,0.22,0.14
37,137,0.36,0.46,0.25,0.24,0.17
37,139,0.52,0.24,0.43,0.3,0.21
37,141,0.53,0.27,0.24,0.27,0.17
37,143,0.46,0.44,0.28,0.33,0.23
37,145,0.51,0.28,0.33,0.31,0.19
37,147,0.52,0.16,0.44,0.43,0.19
37,149,0.39,0.49,0.09,0.17,0.17
37,151,0.56,0.25,0.16,0.29,0.17
37,153,0.55,0.26,0.39,0.47,0.25
37,155,0.62,0.2,0.74,0.53,0.25
37,157,0.49,0.3,0.25,0.32,0.2
37,159,0.54,0.25,0.23,0.28,0.18
37,161,0.5,0.32,0.14,0.34,0.23
37,163,0.6,0.25,0.38,0.44,0.17
37,165,0.55,0.25,0.57,0.52,0.32
37,167,0.52,0.28,0.17,0.26,0.16
37,169,0.46,0.31,0.07,0.23,0.16
37,171,0.52,0.31,0.09,0.3,0.16
37,173,0.53,0.3,0.38,0.37,0.18
37,175,0.37,0.49,0.1,0.26,0.16
37,177,0.31,0.36,0.47,0.42,0.28
37,179,0.68,0.16,0.19,0.14,0.15
37,181,0.57,0.26,0.58,0.41,0.27
37,183,0.59,0.14,0.35,0.15,0.14
37,185,0.43,0.38,0.62,0.38,0.27
37,187,0.49,0.36,0.55,0.43,0.28
37,189,0.28,0.22,0.06,0.47,0.15
37,191,0.57,0.23,0.41,0.37,0.18
37,193,0.5,0.32,0.09,0.37,0.18
37,195,0.56,0.25,0.51,0.36,0.27
37,197,0.51,0.3,0.1,0.3,0.15
37,199,0.44,0.4,0.04,0.35,0.17
38,001,0.47,0.38,0.07,0.13,0.08
38,003,0.46,0.34,0.06,0.14,0.12
38,005,0.84,0.18,0.61,0.62,0.19
38,007,0.51,0.29,0.06,0.16,0.1
38,009,0.48,0.36,0.07,0.12,0.14
38,011,0.57,0.32,0.05,0.12,0.05
38,013,0.65,0.23,0.06,0.1,0.09
38,015,0.55,0.22,0.09,0.12,0.09
38,017,0.52,0.14,0.12,0.17,0.07
38,019,0.49,0.45,0.04,0.12,0.11
38,021,0.52,0.34,0.04,0.07,0.06
38,023,0.43,0.45,0.07,0.21,0.04
38,025,0.53,0.24,0.16,0.16,0.05
38,027,0.56,0.35,0.09,0.21,0.2
38,029,0.45,0.49,0.03,0.19,0.18
38,031,0.49,0.36,0.03,0.09,0.11
38,033,0.6,0.32,0.05,0.14,0.06
38,035,0.48,0.15,0.13,0.27,0.08
38,037,0.47,0.47,0.03,0.21,0.09
38,039,0.46,0.52,0.04,0.11,0.1
38,041,0.5,0.43,0.08,0.13,0.07
38,043,0.49,0.32,0.03,0.09,0.18
38,045,0.52,0.41,0.02,0.16,0.08
38,047,0.43,0.5,0.02,0.1,0.09
38,049,0.56,0.31,0.03,0.11,0.15
38,051,0.4,0.56,0.03,0.14,0.12
38,053,0.71,0.11,0.18,0.19,0.05
38,055,0.49,0.36,0.09,0.13,0.13
38,057,0.52,0.27,0.06,0.1,0.19
38,059,0.53,0.23,0.08,0.11,0.12
38,061,0.62,0.15,0.36,0.18,0.04
38,063,0.41,0.46,0.02,0.12,0.13
38,065,0.51,0.42,0.06,0.01,0.16
38,067,0.49,0.35,0.06,0.06,0.15
38,069,0.48,0.38,0.05,0.29,0.13
38,071,0.55,0.3,0.15,0.19,0.12
38,073,0.54,0.34,0.04,0.08,0.05
38,075,0.59,0.28,0.04,0.05,0.1
38,077,0.5,0.25,0.07,0.13,0.09
38,079,0.83,0.14,0.84,0.6,0.4
38,081,0.46,0.35,0.04,0.04,0.06
38,083,0.36,0.46,0.02,0.26,0.19
38,085,0.93,0.07,0.91,0.7,0.17
38,087,0.5,0.41,0.07,0.09,0.09
38,089,0.6,0.18,0.08,0.11,0.07
38,091,0.47,0.34,0.01,0.03,0.08
38,093,0.47,0.28,0.07,0.16,0.09
38,095,0.58,0.41,0.09,0.2,0.11
38,097,0.53,0.3,0.06,0.08,0.1
38,099,0.54,0.33,0.08,0.15,0.14
38,101,0.55,0.16,0.13,0.12,0.1
38,103,0.45,0.47,0.02,0.07,0.13
38,105,0.64,0.11,0.15,0.13,0.06
39,001,0.58,0.26,0.03,0.43,0.33
39,003,0.56,0.25,0.18,0.25,0.18
39,005,0.55,0.28,0.03,0.23,0.19
39,007,0.53,0.28,0.07,0.34,0.22
39,009,0.34,0.16,0.09,0.48,0.25
39,011,0.58,0.26,0.03,0.13,0.12
39,013,0.45,0.31,0.07,0.22,0.26
39,015,0.55,0.27,0.03,0.31,0.23
39,017,0.57,0.2,0.15,0.21,0.17
39,019,0.5,0.31,0.03,0.25,0.23
39,021,0.55,0.27,0.06,0.17,0.16
39,023,0.54,0.29,0.14,0.28,0.19
39,025,0.57,0.22,0.05,0.15,0.16
39,027,0.57,0.24,0.06,0.24,0.22
39,029,0.49,0.3,0.05,0.25,0.22
39,031,0.56,0.28,0.03,0.25,0.27
39,033,0.52,0.32,0.03,0.28,0.22
39,035,0.5,0.26,0.39,0.32,0.19
39,037,0.58,0.3,0.03,0.18,0.16
39,039,0.56,0.27,0.09,0.17,0.19
39,041,0.66,0.17,0.12,0.05,0.13
39,043,0.49,0.33,0.15,0.21,0.23
39,045,0.58,0.22,0.12,0.15,0.16
39,047,0.57,0.26,0.06,0.3,0.17
39,049,0.56,0.15,0.34,0.28,0.15
39,051,0.58,0.25,0.07,0.16,0.18
39,053,0.55,0.27,0.06,0.37,0.25
39,055,0.57,0.29,0.03,0.08,0.15
39,057,0.49,0.24,0.14,0.19,0.16
39,059,0.54,0.29,0.04,0.36,0.26
39,061,0.55,0.21,0.33,0.29,0.17
39,063,0.53,0.24,0.08,0.19,0.13
39,065,0.56,0.22,0.04,0.26,0.19
39,067,0.5,0.32,0.04,0.27,0.25
39,069,0.57,0.27,0.06,0.13,0.21
39,071,0.58,0.27,0.04,0.38,0.24
39,073,0.54,0.28,0.03,0.23,0.21
39,075,0.81,0.18,0.02,0.19,0.12
39,077,0.59,0.24,0.06,0.24,0.27
39,079,0.57,0.24,0.03,0.37,0.3
39,081,0.45,0.33,0.09,0.3,0.28
39,083,0.55,0.26,0.04,0.22,0.17
39,085,0.49,0.29,0.09,0.12,0.16
39,087,0.53,0.28,0.05,0.33,0.24
39,089,0.56,0.23,0.08,0.18,0.16
39,091,0.57,0.26,0.05,0.23,0.16
39,093,0.54,0.26,0.15,0.22,0.19
39,095,0.55,0.22,0.29,0.35,0.22
39,097,0.49,0.21,0.1,0.13,0.15
39,099,0.48,0.32,0.21,0.3,0.27
39,101,0.49,0.26,0.11,0.26,0.18
39,103,0.55,0.25,0.05,0.08,0.15
39,105,0.52,0.28,0.03,0.41,0.33
39,107,0.62,0.26,0.03,0.1,0.1
39,109,0.55,0.28,0.06,0.15,0.16
39,111,0.5,0.36,0.01,0.35,0.41
39,113,0.53,0.26,0.28,0.3,0.19
39,115,0.51,0.32,0.07,0.38,0.31
39,117,0.59,0.24,0.03,0.15,0.18
39,119,0.55,0.26,0.08,0.28,0.23
39,121,0.42,0.42,0.08,0.17,0.33
39,123,0.45,0.38,0.05,0.16,0.26
39,125,0.57,0.27,0.05,0.17,0.17
39,127,0.57,0.24,0.03,0.34,0.24
39,129,0.52,0.22,0.07,0.17,0.18
39,131,0.56,0.26,0.04,0.35,0.3
39,133,0.45,0.22,0.09,0.23,0.19
39,135,0.55,0.28,0.03,0.2,0.17
39,137,0.61,0.24,0.06,0.1,0.13
39,139,0.52,0.29,0.14,0.25,0.2
39,141,0.51,0.23,0.1,0.29,0.19
39,143,0.55,0.27,0.11,0.22,0.19
39,145,0.52,0.27,0.06,0.41,0.3
39,147,0.53,0.26,0.06,0.24,0.18
39,149,0.62,0.22,0.06,0.13,0.15
39,151,0.52,0.29,0.12,0.23,0.2
39,153,0.51,0.26,0.22,0.22,0.19
39,155,0.49,0.32,0.12,0.29,0.29
39,157,0.55,0.29,0.03,0.23,0.19
39,159,0.61,0.15,0.09,0.09,0.13
39,161,0.56,0.28,0.04,0.21,0.14
39,163,0.54,0.24,0.03,0.38,0.26
39,165,0.62,0.19,0.12,0.05,0.15
39,167,0.46,0.31,0.04,0.26,0.25
39,169,0.59,0.25,0.05,0.21,0.13
39,171,0.55,0.28,0.05,0.22,0.14
39,173,0.48,0.21,0.08,0.21,0.16
39,175,0.56,0.28,0.03,0.18,0.13
40,001,0.64,0.22,0.6,0.57,0.19
40,003,0.47,0.3,0.23,0.14,0.08
40,005,0.53,0.29,0.28,0.31,0.19
40,007,0.62,0.29,0.17,0.18,0.07
40,009,0.61,0.18,0.17,0.19,0.13
40,011,0.53,0.29,0.22,0.21,0.07
40,013,0.56,0.27,0.26,0.3,0.12
40,015,0.61,0.24,0.38,0.36,0.16
40,017,0.64,0.17,0.19,0.11,0.12
40,019,0.61,0.24,0.27,0.28,0.15
40,021,0.55,0.23,0.51,0.37,0.18
40,023,0.58,0.32,0.38,0.57,0.22
40,025,0.58,0.4,0.09,0.27,0.05
40,027,0.53,0.17,0.22,0.2,0.11
40,029,0.59,0.32,0.31,0.36,0.17
40,031,0.58,0.16,0.38,0.27,0.16
40,033,0.55,0.3,0.2,0.26,0.13
40,035,0.53,0.31,0.35,0.3,0.16
40,037,0.58,0.26,0.21,0.26,0.16
40,039,0.6,0.19,0.2,0.26,0.1
40,041,0.49,0.4,0.36,0.33,0.17
40,043,0.65,0.31,0.11,0.32,0.08
40,045,0.56,0.34,0.08,0.3,0.1
40,047,0.63,0.23,0.19,0.22,0.12
40,049,0.6,0.27,0.18,0.29,0.13
40,051,0.59,0.23,0.15,0.2,0.13
40,053,0.58,0.34,0.11,0.14,0.08
40,055,0.45,0.28,0.23,0.28,0.19
40,057,0.56,0.29,0.35,0.27,0.12
40,059,0.65,0.27,0.07,0.22,0.12
40,061,0.58,0.31,0.28,0.34,0.25
40,063,0.51,0.29,0.34,0.31,0.23
40,065,0.62,0.21,0.32,0.3,0.12
40,067,0.57,0.32,0.17,0.37,0.13
40,069,0.59,0.28,0.3,0.35,0.19
40,071,0.6,0.29,0.22,0.3,0.19
40,073,0.66,0.23,0.17,0.13,0.07
40,075,0.57,0.31,0.22,0.42,0.17
40,077,0.52,0.34,0.34,0.32,0.3
40,079,0.57,0.27,0.25,0.39,0.22
40,081,0.59,0.27,0.15,0.24,0.15
40,083,0.57,0.21,0.18,0.21,0.12
40,085,0.61,0.3,0.17,0.2,0.09
40,087,0.61,0.31,0.11,0.21,0.11
40,089,0.56,0.36,0.31,0.25,0.27
40,091,0.57,0.27,0.34,0.34,0.27
40,093,0.62,0.22,0.16,0.14,0.08
40,095,0.61,0.27,0.37,0.43,0.15
40,097,0.48,0.41,0.31,0.32,0.13
40,099,0.56,0.3,0.24,0.23,0.12
40,101,0.59,0.24,0.43,0.37,0.17
40,103,0.57,0.28,0.16,0.19,0.1
40,105,0.55,0.3,0.33,0.31,0.15
40,107,0.56,0.26,0.37,0.42,0.21
40,109,0.62,0.18,0.33,0.29,0.13
40,111,0.58,0.27,0.36,0.33,0.23
40,113,0.55,0.28,0.36,0.26,0.17
40,115,0.6,0.28,0.33,0.38,0.15
40,117,0.58,0.29,0.22,0.25,0.17
40,119,0.45,0.16,0.2,0.43,0.12
40,121,0.52,0.31,0.29,0.28,0.19
40,123,0.57,0.24,0.31,0.29,0.13
40,125,0.58,0.24,0.25,0.28,0.16
40,127,0.53,0.36,0.27,0.36,0.23
40,129,0.63,0.3,0.1,0.32,0.12
40,131,0.58,0.23,0.26,0.14,0.13
40,133,0.61,0.27,0.33,0.4,0.22
40,135,0.56,0.27,0.37,0.45,0.18
40,137,0.56,0.29,0.17,0.25,0.19
40,139,0.67,0.14,0.4,0.29,0.07
40,141,0.58,0.31,0.34,0.38,0.16
40,143,0.61,0.19,0.31,0.26,0.13
40,145,0.6,0.23,0.25,0.17,0.13
40,147,0.56,0.3,0.23,0.23,0.15
40,149,0.62,0.27,0.1,0.23,0.15
40,151,0.46,0.25,0.12,0.19,0.08
40,153,0.61,0.21,0.11,0.18,0.12
41,001,0.46,0.42,0.07,0.25,0.21
41,003,0.38,0.22,0.14,0.35,0.12
41,005,0.52,0.25,0.12,0.13,0.15
41,007,0.46,0.32,0.1,0.19,0.16
41,009,0.52,0.27,0.07,0.2,0.2
41,011,0.43,0.41,0.12,0.31,0.23
41,013,0.45,0.41,0.08,0.26,0.25
41,015,0.34,0.57,0.09,0.26,0.24
41,017,0.5,0.29,0.07,0.2,0.17
41,019,0.46,0.4,0.08,0.29,0.23
41,021,0.53,0.42,0.07,0.15,0.16
41,023,0.42,0.47,0.05,0.23,0.33
41,025,0.5,0.37,0.09,0.3,0.25
41,027,0.59,0.22,0.13,0.2,0.13
41,029,0.49,0.33,0.09,0.29,0.2
41,031,0.57,0.29,0.31,0.36,0.24
41,033,0.46,0.42,0.08,0.33,0.23
41,035,0.51,0.32,0.12,0.33,0.3
41,037,0.43,0.4,0.09,0.33,0.25
41,039,0.44,0.28,0.13,0.33,0.18
41,041,0.39,0.44,0.12,0.32,0.19
41,043,0.55,0.28,0.09,0.28,0.19
41,045,0.61,0.24,0.13,0.4,0.18
41,047,0.61,0.22,0.18,0.27,0.17
41,049,0.67,0.23,0.13,0.25,0.18
41,051,0.46,0.17,0.23,0.28,0.14
41,053,0.55,0.26,0.12,0.26,0.18
41,055,0.33,0.44,0.04,0.23,0.15
41,057,0.44,0.4,0.09,0.26,0.17
41,059,0.62,0.22,0.15,0.29,0.22
41,061,0.53,0.3,0.08,0.3,0.22
41,063,0.41,0.47,0.05,0.23,0.27
41,065,0.54,0.31,0.13,0.22,0.18
41,067,0.57,0.17,0.24,0.16,0.13
41,069,0.36,0.59,0.06,0.36,0.19
41,071,0.55,0.24,0.12,0.22,0.15
42,001,0.48,0.3,0.08,0.12,0.14
42,003,0.44,0.28,0.2,0.2,0.18
42,005,0.45,0.33,0.02,0.21,0.24
42,007,0.46,0.32,0.1,0.17,0.2
42,009,0.47,0.35,0.02,0.23,0.22
42,011,0.54,0.25,0.18,0.22,0.19
42,013,0.49,0.31,0.04,0.25,0.2
42,015,0.52,0.32,0.03,0.2,0.2
42,017,0.5,0.27,0.12,0.07,0.17
42,019,0.49,0.27,0.04,0.12,0.17
42,021,0.45,0.34,0.06,0.25,0.25
42,023,0.41,0.42,0.03,0.24,0.28
42,025,0.46,0.32,0.04,0.21,0.25
42,027,0.34,0.18,0.13,0.28,0.14
42,029,0.56,0.22,0.15,0.09,0.13
42,031,0.44,0.29,0.03,0.3,0.23
42,033,0.43,0.31,0.05,0.24,0.24
42,035,0.48,0.28,0.04,0.28,0.25
42,037,0.41,0.28,0.05,0.25,0.22
42,039,0.5,0.3,0.04,0.23,0.22
42,041,0.48,0.27,0.12,0.1,0.15
42,043,0.53,0.24,0.3,0.22,0.18
42,045,0.53,0.23,0.32,0.16,0.18
42,047,0.46,0.34,0.02,0.14,0.23
42,049,0.52,0.25,0.13,0.28,0.21
42,051,0.45,0.31,0.08,0.32,0.28
42,053,0.18,0.35,0.39,0.06,0.33
42,055,0.54,0.29,0.07,0.16,0.17
42,057,0.49,0.33,0.03,0.18,0.2
42,059,0.45,0.27,0.06,0.22,0.24
42,061,0.44,0.31,0.08,0.2,0.28
42,063,0.42,0.28,0.06,0.27,0.23
42,065,0.5,0.32,0.02,0.23,0.22
42,067,0.54,0.31,0.03,0.21,0.2
42,069,0.47,0.3,0.08,0.25,0.23
42,071,0.57,0.26,0.12,0.16,0.15
42,073,0.47,0.34,0.07,0.23,0.24
42,075,0.55,0.29,0.13,0.16,0.17
42,077,0.54,0.24,0.22,0.21,0.2
42,079,0.46,0.31,0.11,0.25,0.27
42,081,0.48,0.28,0.08,0.22,0.22
42,083,0.47,0.29,0.06,0.28,0.25
42,085,0.47,0.33,0.09,0.21,0.23
42,087,0.54,0.33,0.03,0.22,0.22
42,089,0.48,0.24,0.24,0.17,0.25
42,091,0.52,0.26,0.21,0.08,0.15
42,093,0.47,0.33,0.06,0.16,0.16
42,095,0.48,0.28,0.14,0.13,0.2
42,097,0.46,0.32,0.05,0.23,0.26
42,099,0.51,0.26,0.03,0.12,0.16
42,101,0.52,0.18,0.61,0.46,0.26
42,103,0.45,0.33,0.11,0.15,0.26
42,105,0.5,0.37,0.03,0.24,0.28
42,107,0.46,0.31,0.06,0.19,0.25
42,109,0.51,0.27,0.04,0.17,0.25
42,111,0.42,0.34,0.05,0.19,0.25
42,113,0.25,0.46,0.06,0.21,0.24
42,115,0.45,0.35,0.03,0.21,0.19
42,117,0.47,0.33,0.03,0.22,0.25
42,119,0.41,0.26,0.13,0.12,0.18
42,121,0.47,0.33,0.03,0.22,0.23
42,123,0.46,0.35,0.02,0.22,0.2
42,125,0.46,0.31,0.07,0.14,0.2
42,127,0.39,0.37,0.06,0.16,0.22
42,129,0.44,0.34,0.05,0.16,0.2
42,131,0.47,0.31,0.03,0.16,0.23
42,133,0.53,0.25,0.12,0.16,0.17
44,001,0.45,0.3,0.05,0.08,0.12
44,003,0.45,0.28,0.08,0.11,0.13
44,005,0.41,0.33,0.11,0.13,0.13
44,007,0.49,0.21,0.28,0.28,0.17
44,009,0.4,0.29,0.07,0.14,0.13
45,001,0.5,0.32,0.32,0.4,0.15
45,003,0.52,0.28,0.31,0.29,0.12
45,005,0.45,0.29,0.78,0.5,0.25
45,007,0.55,0.27,0.21,0.26,0.11
45,009,0.47,0.31,0.67,0.42,0.26
45,011,0.59,0.26,0.5,0.49,0.19
45,013,0.46,0.42,0.26,0.19,0.1
45,015,0.58,0.18,0.34,0.21,0.1
45,017,0.47,0.34,0.47,0.32,0.16
45,019,0.47,0.22,0.34,0.25,0.09
45,021,0.56,0.24,0.26,0.39,0.13
45,023,0.55,0.27,0.41,0.39,0.18
45,025,0.54,0.26,0.38,0.43,0.12
45,027,0.47,0.34,0.53,0.4,0.17
45,029,0.54,0.3,0.45,0.4,0.13
45,031,0.54,0.27,0.45,0.4,0.15
45,033,0.62,0.23,0.55,0.57,0.18
45,035,0.61,0.17,0.33,0.19,0.1
45,037,0.44,0.27,0.43,0.24,0.11
45,039,0.47,0.3,0.64,0.38,0.2
45,041,0.58,0.23,0.48,0.34,0.12
45,043,0.46,0.43,0.37,0.33,0.17
45,045,0.56,0.22,0.26,0.22,0.09
45,047,0.55,0.27,0.38,0.43,0.13
45,049,0.53,0.26,0.6,0.3,0.11
45,051,0.44,0.35,0.2,0.29,0.16
45,053,0.5,0.24,0.51,0.4,0.1
45,055,0.56,0.27,0.3,0.28,0.12
45,057,0.52,0.32,0.27,0.26,0.14
45,059,0.53,0.27,0.31,0.36,0.12
45,061,0.5,0.26,0.7,0.44,0.18
45,063,0.56,0.22,0.21,0.21,0.09
45,065,0.56,0.27,0.62,0.48,0.13
45,067,0.47,0.25,0.61,0.43,0.19
45,069,0.27,0.54,0.52,0.31,0.22
45,071,0.52,0.29,0.39,0.34,0.11
45,073,0.48,0.36,0.13,0.33,0.11
45,075,0.53,0.28,0.69,0.41,0.22
45,077,0.45,0.23,0.12,0.3,0.11
45,079,0.52,0.16,0.56,0.27,0.11
45,081,0.53,0.29,0.38,0.36,0.11
45,083,0.56,0.23,0.28,0.26,0.1
45,085,0.59,0.23,0.54,0.37,0.15
45,087,0.5,0.3,0.36,0.34,0.15
45,089,0.51,0.29,0.71,0.49,0.21
45,091,0.59,0.19,0.26,0.2,0.11
46,003,0.63,0.32,0.08,0.07,0.11
46,005,0.64,0.25,0.15,0.43,0.13
46,007,0.88,0.16,0.71,0.71,0.25
46,009,0.42,0.34,0.11,0.12,0.13
46,011,0.47,0.14,0.08,0.24,0.14
46,013,0.57,0.25,0.09,0.17,0.13
46,015,0.62,0.26,0.14,0.24,0.13
46,017,0.96,0.08,0.92,0.77,0.32
46,019,0.58,0.29,0.06,0.17,0.15
46,021,0.51,0.38,0.03,0.05,0.16
46,023,0.72,0.29,0.38,0.37,0.16
46,025,0.59,0.33,0.04,0.22,0.18
46,027,0.39,0.15,0.11,0.38,0.14
46,029,0.58,0.24,0.05,0.19,0.13
46,031,0.87,0.13,0.74,0.92,0.27
46,033,0.38,0.46,0.07,0.21,0.2
46,035,0.54,0.27,0.07,0.2,0.12
46,037,0.5,0.42,0.13,0.28,0.21
46,039,0.55,0.35,0.0,0.15,0.22
46,041,0.88,0.12,0.83,0.59,0.41
46,043,0.57,0.4,0.05,0.11,0.11
46,045,0.57,0.33,0.01,0.07,0.12
46,047,0.42,0.43,0.14,0.25,0.19
46,049,0.49,0.41,0.06,0.16,0.14
46,051,0.54,0.32,0.05,0.11,0.15
46,053,0.56,0.4,0.12,0.26,0.15
46,055,0.61,0.38,0.11,0.3,0.12
46,057,0.78,0.25,0.03,0.06,0.14
46,059,0.5,0.42,0.01,0.11,0.11
46,061,0.78,0.21,0.06,0.08,0.22
46,063,0.57,0.3,0.06,0.21,0.11
46,065,0.57,0.24,0.17,0.17,0.11
46,067,0.57,0.39,0.04,0.21,0.13
46,069,0.49,0.4,0.14,0.23,0.15
46,071,0.75,0.21,0.59,0.84,0.27
46,073,0.54,0.44,0.02,0.13,0.11
46,075,0.36,0.38,0.0,0.17,0.13
46,077,0.5,0.37,0.04,0.14,0.12
46,079,0.52,0.31,0.05,0.25,0.16
46,081,0.42,0.3,0.07,0.19,0.13
46,083,0.7,0.15,0.05,0.01,0.1
46,085,0.69,0.23,0.44,0.39,0.22
46,087,0.58,0.32,0.14,0.12,0.12
46,089,0.66,0.29,0.05,0.13,0.19
46,091,0.45,0.53,0.08,0.28,0.17
46,093,0.57,0.2,0.1,0.12,0.16
46,095,0.75,0.23,0.61,0.8,0.27
46,097,0.63,0.33,0.04,0.18,0.13
46,099,0.61,0.17,0.14,0.17,0.12
46,101,0.6,0.27,0.21,0.27,0.16
46,102,0.93,0.05,0.99,1.0,0.48
46,103,0.56,0.24,0.18,0.23,0.15
46,105,0.5,0.36,0.04,0.19,0.13
46,107,0.48,0.49,0.07,0.08,0.13
46,109,0.68,0.3,0.43,0.33,0.19
46,111,0.49,0.32,0.02,0.14,0.13
46,115,0.57,0.33,0.03,0.15,0.15
46,117,0.55,0.3,0.13,0.07,0.12
46,119,0.57,0.32,0.05,0.02,0.12
46,121,1.0,0.06,0.95,0.99,0.31
46,123,0.54,0.35,0.19,0.34,0.12
46,125,0.56,0.32,0.03,0.16,0.12
46,127,0.59,0.26,0.06,0.1,0.15
46,129,0.55,0.39,0.21,0.15,0.26
46,135,0.5,0.28,0.08,0.2,0.12
46,137,0.83,0.1,0.8,0.83,0.26
47,001,0.5,0.31,0.09,0.28,0.16
47,003,0.62,0.22,0.17,0.29,0.16
47,005,0.46,0.38,0.05,0.4,0.2
47,007,0.38,0.28,0.1,0.34,0.25
47,009,0.49,0.3,0.06,0.21,0.13
47,011,0.53,0.25,0.09,0.31,0.15
47,013,0.48,0.32,0.02,0.36,0.21
47,015,0.5,0.28,0.04,0.29,0.13
47,017,0.5,0.31,0.14,0.34,0.22
47,019,0.45,0.33,0.03,0.44,0.18
47,021,0.55,0.2,0.05,0.21,0.1
47,023,0.55,0.25,0.14,0.3,0.15
47,025,0.44,0.3,0.04,0.39,0.19
47,027,0.46,0.4,0.04,0.49,0.28
47,029,0.48,0.32,0.05,0.45,0.2
47,031,0.58,0.26,0.09,0.26,0.14
47,033,0.58,0.28,0.21,0.3,0.15
47,035,0.41,0.51,0.03,0.27,0.2
47,037,0.51,0.15,0.38,0.29,0.1
47,039,0.52,0.27,0.06,0.33,0.25
47,041,0.5,0.38,0.06,0.4,0.19
47,043,0.56,0.23,0.08,0.24,0.12
47,045,0.58,0.25,0.18,0.31,0.23
47,047,0.48,0.31,0.31,0.24,0.16
47,049,0.51,0.33,0.02,0.41,0.19
47,051,0.49,0.3,0.1,0.24,0.14
47,053,0.59,0.27,0.23,0.29,0.19
47,055,0.49,0.3,0.14,0.27,0.17
47,057,0.49,0.31,0.02,0.33,0.18
47,059,0.46,0.33,0.06,0.29,0.22
47,061,0.53,0.33,0.18,0.52,0.18
47,063,0.55,0.28,0.13,0.34,0.17
47,065,0.5,0.25,0.26,0.24,0.13
47,067,0.48,0.3,0.02,0.46,0.28
47,069,0.45,0.27,0.46,0.32,0.23
47,071,0.49,0.35,0.06,0.38,0.19
47,073,0.49,0.31,0.04,0.34,0.18
47,075,0.56,0.26,0.57,0.33,0.23
47,077,0.55,0.27,0.11,0.34,0.19
47,079,0.49,0.36,0.11,0.35,0.18
47,081,0.51,0.25,0.08,0.33,0.13
47,083,0.53,0.33,0.07,0.29,0.21
47,085,0.51,0.31,0.06,0.32,0.17
47,087,0.43,0.35,0.03,0.4,0.21
47,089,0.48,0.3,0.05,0.22,0.16
47,091,0.39,0.35,0.07,0.41,0.15
47,093,0.5,0.22,0.15,0.26,0.12
47,095,0.34,0.23,0.33,0.34,0.27
47,097,0.55,0.22,0.39,0.37,0.25
47,099,0.6,0.27,0.05,0.32,0.18
47,101,0.51,0.34,0.05,0.4,0.18
47,103,0.53,0.3,0.11,0.29,0.16
47,105,0.47,0.42,0.05,0.23,0.15
47,107,0.59,0.24,0.04,0.32,0.17
47,109,0.54,0.23,0.42,0.35,0.24
47,111,0.5,0.3,0.07,0.31,0.13
47,113,0.57,0.23,0.11,0.22,0.16
47,115,0.56,0.22,0.17,0.21,0.19
47,117,0.51,0.3,0.08,0.34,0.15
47,119,0.53,0.32,0.08,0.39,0.13
47,121,0.49,0.32,0.04,0.28,0.21
47,123,0.52,0.31,0.06,0.36,0.16
47,125,0.65,0.1,0.3,0.23,0.17
47,127,0.47,0.34,0.07,0.11,0.12
47,129,0.45,0.25,0.06,0.35,0.18
47,131,0.52,0.31,0.15,0.41,0.23
47,133,0.54,0.31,0.02,0.34,0.17
47,135,0.52,0.33,0.06,0.54,0.23
47,137,0.42,0.45,0.03,0.33,0.22
47,139,0.48,0.32,0.04,0.29,0.18
47,141,0.5,0.25,0.06,0.41,0.15
47,143,0.55,0.28,0.06,0.38,0.27
47,145,0.45,0.36,0.06,0.26,0.18
47,147,0.6,0.2,0.12,0.18,0.12
47,149,0.6,0.12,0.22,0.19,0.1
47,151,0.58,0.24,0.02,0.47,0.2
47,153,0.53,0.3,0.11,0.24,0.19
47,155,0.5,0.28,0.06,0.26,0.14
47,157,0.61,0.17,0.63,0.37,0.18
47,159,0.57,0.24,0.05,0.23,0.12
47,161,0.5,0.31,0.07,0.33,0.2
47,163,0.46,0.34,0.06,0.28,0.16
47,165,0.58,0.22,0.12,0.15,0.11
47,167,0.61,0.19,0.23,0.24,0.17
47,169,0.5,0.23,0.15,0.22,0.13
47,171,0.44,0.37,0.03,0.35,0.23
47,173,0.53,0.26,0.02,0.39,0.18
47,175,0.44,0.35,0.03,0.34,0.2
47,177,0.57,0.26,0.08,0.38,0.18
47,179,0.46,0.27,0.09,0.28,0.15
47,181,0.42,0.29,0.08,0.3,0.22
47,183,0.46,0.27,0.12,0.34,0.18
47,185,0.52,0.32,0.04,0.3,0.16
47,187,0.68,0.16,0.11,0.04,0.09
47,189,0.58,0.22,0.12,0.14,0.11
48,001,0.45,0.21,0.28,0.2,0.12
48,003,0.76,0.13,0.09,0.19,0.08
48,005,0.63,0.23,0.23,0.33,0.18
48,007,0.44,0.44,0.13,0.31,0.19
48,009,0.53,0.3,0.06,0.13,0.11
48,011,0.51,0.34,0.06,0.1,0.11
48,013,0.68,0.2,0.08,0.25,0.16
48,015,0.58,0.28,0.2,0.22,0.15
48,017,0.71,0.21,0.15,0.39,0.16
48,019,0.4,0.43,0.08,0.28,0.14
48,021,0.62,0.2,0.25,0.21,0.12
48,023,0.51,0.4,0.09,0.21,0.09
48,025,0.51,0.16,0.13,0.26,0.2
48,027,0.67,0.13,0.37,0.23,0.17
48,029,0.63,0.15,0.21,0.28,0.13
48,031,0.43,0.4,0.08,0.17,0.09
48,033,0.67,0.39,0.0,0.01,0.1
48,035,0.51,0.4,0.06,0.26,0.15
48,037,0.57,0.24,0.32,0.29,0.2
48,039,0.65,0.15,0.27,0.15,0.19
48,041,0.48,0.09,0.26,0.44,0.11
48,043,0.47,0.33,0.08,0.17,0.12
48,045,0.47,0.39,0.1,0.23,0.15
48,047,0.66,0.22,0.13,0.73,0.24
48,049,0.54,0.31,0.09,0.27,0.16
48,051,0.54,0.33,0.22,0.25,0.13
48,053,0.51,0.35,0.06,0.2,0.11
48,055,0.58,0.19,0.23,0.29,0.14
48,057,0.6,0.25,0.14,0.27,0.13
48,059,0.57,0.31,0.06,0.27,0.13
48,061,0.77,0.18,0.06,0.58,0.26
48,063,0.64,0.28,0.3,0.3,0.19
48,065,0.61,0.27,0.05,0.08,0.1
48,067,0.54,0.34,0.23,0.32,0.19
48,069,0.72,0.21,0.08,0.27,0.11
48,071,0.68,0.14,0.13,0.21,0.2
48,073,0.61,0.26,0.2,0.31,0.17
48,075,0.47,0.23,0.18,0.28,0.11
48,077,0.5,0.35,0.06,0.25,0.13
48,079,0.7,0.22,0.11,0.45,0.15
48,081,0.48,0.46,0.11,0.28,0.13
48,083,0.51,0.37,0.08,0.36,0.18
48,085,0.65,0.13,0.3,0.09,0.13
48,087,0.58,0.29,0.25,0.25,0.13
48,089,0.56,0.32,0.26,0.19,0.13
48,091,0.55,0.27,0.1,0.14,0.12
48,093,0.54,0.4,0.05,0.31,0.13
48,095,0.31,0.27,0.03,0.07,0.13
48,097,0.58,0.28,0.09,0.23,0.11
48,099,0.58,0.11,0.29,0.17,0.17
48,101,0.65,0.43,0.21,0.45,0.19
48,103,0.77,0.15,0.51,0.18,0.18
48,105,0.63,0.21,0.62,0.37,0.12
48,107,0.67,0.27,0.09,0.37,0.17
48,109,0.56,0.32,0.17,0.55,0.18
48,111,0.75,0.14,0.09,0.27,0.06
48,113,0.65,0.13,0.4,0.31,0.15
48,115,0.6,0.21,0.23,0.27,0.17
48,117,0.54,0.3,0.34,0.25,0.11
48,119,0.78,0.16,0.13,0.31,0.15
48,121,0.54,0.32,0.14,0.41,0.12
48,123,0.62,0.11,0.25,0.12,0.1
48,125,0.52,0.37,0.1,0.27,0.2
48,127,0.74,0.22,0.07,0.56,0.1
48,129,0.47,0.39,0.08,0.23,0.15
48,131,0.6,0.28,0.15,0.44,0.2
48,133,0.48,0.36,0.08,0.29,0.14
48,135,0.73,0.12,0.18,0.2,0.1
48,137,0.33,0.49,0.01,0.09,0.09
48,139,0.68,0.15,0.2,0.39,0.13
48,141,0.65,0.17,0.19,0.16,0.17
48,143,0.5,0.2,0.09,0.39,0.13
48,145,0.51,0.26,0.3,0.41,0.14
48,147,0.5,0.3,0.13,0.23,0.11
48,149,0.49,0.4,0.1,0.13,0.1
48,151,0.49,0.39,0.09,0.3,0.12
48,153,0.66,0.29,0.06,0.32,0.19
48,155,0.46,0.45,0.16,0.06,0.13
48,157,0.68,0.12,0.5,0.11,0.15
48,159,0.58,0.32,0.12,0.25,0.16
48,161,0.55,0.3,0.2,0.28,0.22
48,163,0.57,0.17,0.3,0.3,0.1
48,165,0.88,0.1,0.07,0.17,0.09
48,167,0.59,0.19,0.23,0.23,0.18
48,169,0.41,0.15,0.16,0.15,0.11
48,171,0.47,0.49,0.08,0.2,0.09
48,173,0.58,0.2,0.24,0.19,0.08
48,175,0.51,0.34,0.26,0.28,0.15
48,177,0.65,0.24,0.45,0.3,0.11
48,179,0.61,0.24,0.16,0.23,0.16
48,181,0.57,0.27,0.14,0.24,0.13
48,183,0.62,0.21,0.27,0.3,0.16
48,185,0.53,0.24,0.24,0.28,0.17
48,187,0.63,0.19,0.28,0.16,0.12
48,189,0.67,0.18,0.15,0.33,0.2
48,191,0.56,0.38,0.22,0.39,0.18
48,193,0.48,0.43,0.05,0.27,0.12
48,195,0.71,0.23,0.08,0.33,0.09
48,197,0.54,0.32,0.14,0.23,0.12
48,199,0.59,0.24,0.08,0.19,0.21
48,201,0.65,0.12,0.38,0.29,0.17
48,203,0.62,0.24,0.28,0.31,0.18
48,205,0.51,0.2,0.18,0.07,0.05
48,207,0.38,0.35,0.11,0.29,0.14
48,209,0.56,0.13,0.13,0.25,0.11
48,211,0.78,0.17,0.08,0.13,0.11
48,213,0.52,0.35,0.11,0.31,0.15
48,215,0.83,0.13,0.12,0.59,0.3
48,217,0.56,0.33,0.13,0.3,0.14
48,219,0.64,0.19,0.11,0.24,0.12
48,221,0.5,0.4,0.05,0.2,0.15
48,223,0.61,0.28,0.17,0.31,0.13
48,225,0.45,0.34,0.33,0.38,0.13
48,227,0.52,0.18,0.17,0.19,0.13
48,229,0.58,0.25,0.27,0.56,0.2
48,231,0.57,0.24,0.22,0.32,0.15
48,233,0.63,0.23,0.12,0.28,0.2
48,235,0.55,0.28,0.18,0.23,0.09
48,237,0.5,0.24,0.08,0.27,0.13
48,239,0.62,0.26,0.14,0.22,0.12
48,241,0.58,0.29,0.23,0.28,0.29
48,243,0.42,0.55,0.04,0.08,0.12
48,245,0.57,0.2,0.43,0.32,0.27
48,247,0.73,0.3,0.02,0.48,0.22
48,249,0.69,0.21,0.04,0.41,0.22
48,251,0.63,0.19,0.09,0.17,0.13
48,253,0.41,0.22,0.33,0.16,0.19
48,255,0.5,0.21,0.32,0.27,0.1
48,257,0.67,0.16,0.18,0.2,0.14
48,259,0.57,0.29,0.09,0.06,0.11
48,261,0.71,0.22,0.04,0.46,0.16
48,263,0.53,0.48,0.09,0.29,0.09
48,265,0.46,0.46,0.1,0.22,0.12
48,267,0.43,0.52,0.1,0.4,0.13
48,269,0.61,0.07,0.0,0.02,0.08
48,271,0.45,0.28,0.03,0.15,0.16
48,273,0.59,0.18,0.13,0.4,0.2
48,275,0.66,0.29,0.14,0.24,0.14
48,277,0.5,0.24,0.25,0.1,0.15
48,279,0.57,0.29,0.2,0.31,0.17
48,281,0.69,0.24,0.13,0.36,0.14
48,283,0.56,0.28,0.12,0.19,0.09
48,285,0.56,0.37,0.23,0.16,0.12
48,287,0.54,0.27,0.21,0.22,0.1
48,289,0.54,0.39,0.11,0.28,0.2
48,291,0.61,0.18,0.2,0.25,0.23
48,293,0.55,0.28,0.25,0.36,0.17
48,295,0.66,0.22,0.13,0.16,0.1
48,297,0.47,0.32,0.09,0.24,0.13
48,299,0.32,0.63,0.07,0.2,0.15
48,301,0.19,0.41,0.1,0.28,0.0
48,303,0.58,0.16,0.2,0.32,0.11
48,305,0.64,0.26,0.18,0.31,0.12
48,307,0.46,0.22,0.28,0.17,0.24
48,309,0.43,0.41,0.28,0.4,0.14
48,311,0.76,0.17,0.18,0.09,0.05
48,313,0.49,0.44,0.14,0.21,0.19
48,315,0.63,0.24,0.26,0.37,0.19
48,317,0.79,0.15,0.07,0.45,0.1
48,319,0.57,0.35,0.15,0.28,0.13
48,321,0.6,0.2,0.24,0.33,0.27
48,323,0.69,0.45,0.05,0.09,0.37
48,325,0.56,0.24,0.1,0.2,0.13
48,327,0.41,0.47,0.21,0.14,0.15
48,329,0.68,0.13,0.18,0.13,0.08
48,331,0.6,0.31,0.16,0.27,0.23
48,333,0.54,0.47,0.02,0.24,0.14
48,335,0.44,0.21,0.22,0.07,0.15
48,337,0.54,0.36,0.05,0.26,0.11
48,339,0.64,0.17,0.14,0.16,0.15
48,341,0.78,0.12,0.24,0.29,0.09
48,343,0.55,0.34,0.32,0.27,0.25
48,345,0.58,0.5,0.14,0.2,0.15
48,347,0.56,0.19,0.25,0.42,0.16
48,349,0.64,0.25,0.25,0.33,0.13
48,351,0.49,0.3,0.24,0.27,0.3
48,353,0.6,0.27,0.13,0.28,0.12
48,355,0.6,0.19,0.12,0.28,0.18
48,357,0.78,0.13,0.12,0.21,0.11
48,359,0.93,0.2,0.1,0.12,0.11
48,361,0.6,0.22,0.13,0.24,0.24
48,363,0.56,0.3,0.09,0.32,0.13
48,365,0.57,0.27,0.2,0.25,0.18
48,367,0.59,0.22,0.07,0.13,0.12
48,369,0.71,0.19,0.15,0.3,0.08
48,371,0.58,0.17,0.21,0.15,0.14
48,373,0.48,0.3,0.16,0.3,0.22
48,375,0.67,0.16,0.22,0.37,0.11
48,377,0.68,0.36,0.09,0.49,0.31
48,379,0.49,0.39,0.1,0.22,0.12
48,381,0.58,0.2,0.11,0.14,0.09
48,383,0.7,0.15,0.56,0.32,0.1
48,385,0.47,0.6,0.02,0.35,0.18
48,387,0.47,0.39,0.22,0.28,0.21
48,389,0.54,0.18,0.23,0.17,0.05
48,391,0.56,0.34,0.21,0.28,0.16
48,393,0.72,0.34,0.03,0.02,0.13
48,395,0.58,0.29,0.25,0.26,0.16
48,397,0.67,0.16,0.15,0.07,0.13
48,399,0.57,0.33,0.09,0.27,0.11
48,401,0.55,0.24,0.22,0.24,0.16
48,403,0.41,0.52,0.11,0.35,0.32
48,405,0.47,0.41,0.27,0.43,0.22
48,407,0.53,0.33,0.14,0.3,0.21
48,409,0.66,0.21,0.08,0.26,0.25
48,411,0.48,0.36,0.13,0.26,0.12
48,413,0.68,0.25,0.38,0.16,0.12
48,415,0.6,0.22,0.13,0.18,0.13
48,417,0.58,0.29,0.03,0.31,0.08
48,419,0.64,0.25,0.22,0.42,0.17
48,421,0.55,0.2,0.09,0.25,0.09
48,423,0.6,0.24,0.24,0.28,0.14
48,425,0.56,0.29,0.08,0.38,0.16
48,427,0.82,0.15,0.05,0.66,0.49
48,429,0.53,0.3,0.1,0.36,0.13
48,431,0.7,0.24,0.09,0.28,0.13
48,433,0.57,0.44,0.06,0.22,0.12
48,435,0.61,0.26,0.32,0.08,0.16
48,437,0.62,0.28,0.18,0.36,0.16
48,439,0.65,0.13,0.33,0.22,0.14
48,441,0.59,0.2,0.23,0.26,0.12
48,443,0.49,0.54,0.38,0.3,0.15
48,445,0.66,0.22,0.11,0.21,0.16
48,447,0.49,0.45,0.02,0.29,0.17
48,449,0.71,0.19,0.29,0.34,0.19
48,451,0.56,0.22,0.16,0.2,0.12
48,453,0.54,0.1,0.26,0.23,0.1
48,455,0.48,0.44,0.14,0.32,0.22
48,457,0.44,0.34,0.17,0.23,0.27
48,459,0.57,0.27,0.16,0.23,0.16
48,461,0.74,0.19,0.51,0.31,0.12
48,463,0.67,0.25,0.12,0.31,0.17
48,465,0.71,0.2,0.08,0.36,0.15
48,467,0.55,0.32,0.07,0.24,0.14
48,469,0.62,0.22,0.13,0.25,0.15
48,471,0.35,0.16,0.28,0.32,0.17
48,473,0.58,0.15,0.37,0.28,0.16
48,475,0.68,0.2,0.16,0.18,0.09
48,477,0.51,0.33,0.23,0.2,0.14
48,479,0.84,0.1,0.05,0.58,0.16
48,481,0.63,0.24,0.19,0.3,0.15
48,483,0.63,0.29,0.13,0.34,0.12
48,485,0.54,0.2,0.23,0.29,0.13
48,487,0.55,0.26,0.2,0.28,0.16
48,489,0.59,0.19,0.04,0.62,0.4
48,491,0.65,0.15,0.2,0.09,0.11
48,493,0.59,0.21,0.07,0.15,0.11
48,495,0.74,0.15,0.12,0.31,0.11
48,497,0.6,0.22,0.06,0.21,0.13
48,499,0.46,0.46,0.11,0.21,0.17
48,501,0.81,0.15,0.04,0.2,0.12
48,503,0.58,0.32,0.05,0.28,0.12
48,505,0.84,0.18,0.05,0.64,0.24
48,507,0.73,0.19,0.09,0.68,0.42
49,001,0.79,0.2,0.03,0.16,0.12
49,003,0.8,0.17,0.07,0.16,0.1
49,005,0.76,0.1,0.1,0.25,0.08
49,007,0.64,0.24,0.08,0.27,0.16
49,009,0.51,0.26,0.04,0.02,0.17
49,011,0.81,0.11,0.11,0.08,0.09
49,013,0.85,0.14,0.11,0.2,0.17
49,015,0.76,0.23,0.03,0.21,0.18
49,017,0.57,0.32,0.06,0.21,0.3
49,019,0.53,0.25,0.02,0.21,0.17
49,021,0.71,0.16,0.09,0.37,0.12
49,023,0.87,0.16,0.06,0.21,0.1
49,025,0.56,0.36,0.07,0.17,0.12
49,027,0.77,0.24,0.12,0.19,0.11
49,029,0.88,0.15,0.03,0.0,0.09
49,031,0.54,0.43,0.01,0.21,0.22
49,033,0.8,0.26,0.03,0.32,0.13
49,035,0.68,0.12,0.21,0.16,0.1
49,037,0.78,0.18,0.54,0.51,0.24
49,039,0.65,0.18,0.11,0.26,0.13
49,041,0.74,0.24,0.05,0.22,0.13
49,043,0.62,0.14,0.05,0.1,0.09
49,045,0.84,0.1,0.1,0.09,0.12
49,047,0.83,0.11,0.12,0.18,0.19
49,049,0.85,0.07,0.08,0.19,0.09
49,051,0.8,0.12,0.05,0.11,0.11
49,053,0.67,0.32,0.1,0.24,0.12
49,055,0.66,0.3,0.03,0.14,0.26
49,057,0.71,0.15,0.11,0.2,0.12
50,001,0.41,0.28,0.06,0.1,0.09
50,003,0.45,0.35,0.04,0.2,0.12
50,005,0.47,0.29,0.04,0.19,0.12
50,007,0.43,0.2,0.1,0.17,0.06
50,009,0.41,0.4,0.04,0.27,0.13
50,011,0.54,0.22,0.05,0.11,0.09
50,013,0.4,0.29,0.06,0.1,0.12
50,015,0.5,0.24,0.04,0.23,0.13
50,017,0.44,0.3,0.03,0.18,0.09
50,019,0.47,0.34,0.04,0.23,0.19
50,021,0.42,0.32,0.04,0.17,0.11
50,023,0.45,0.28,0.04,0.18,0.09
50,025,0.43,0.33,0.05,0.23,0.1
50,027,0.43,0.35,0.04,0.16,0.08
51,001,0.49,0.35,0.33,0.35,0.15
51,003,0.49,0.26,0.19,0.14,0.1
51,005,0.42,0.13,0.39,0.16,0.15
51,007,0.45,0.38,0.08,0.34,0.13
51,009,0.5,0.29,0.28,0.21,0.13
51,011,0.47,0.31,0.24,0.22,0.15
51,013,0.51,0.31,0.23,0.24,0.06
51,015,0.4,0.12,0.3,0.12,0.09
51,017,0.46,0.31,0.07,0.12,0.1
51,019,0.5,0.28,0.11,0.14,0.12
51,021,0.48,0.32,0.11,0.13,0.11
51,023,0.36,0.33,0.06,0.1,0.1
51,025,0.47,0.33,0.06,0.11,0.22
51,027,0.49,0.32,0.12,0.38,0.26
51,029,0.42,0.32,0.6,0.32,0.19
51,031,0.41,0.32,0.05,0.47,0.13
51,033,0.44,0.28,0.4,0.25,0.13
51,035,0.48,0.28,0.11,0.34,0.16
51,036,0.48,0.3,0.19,0.19,0.15
51,037,0.55,0.23,0.35,0.18,0.15
51,041,0.46,0.37,0.03,0.25,0.11
51,043,0.36,0.36,0.6,0.22,0.1
51,045,0.51,0.34,0.33,0.41,0.13
51,047,0.35,0.13,0.31,0.42,0.1
51,049,0.59,0.17,0.4,0.14,0.12
51,051,0.58,0.19,0.33,0.09,0.23
51,053,0.49,0.32,0.11,0.16,0.14
51,057,0.54,0.33,0.24,0.22,0.15
51,059,0.46,0.36,0.19,0.35,0.09
51,061,0.44,0.35,0.01,0.14,0.09
51,063,0.61,0.22,0.24,0.13,0.1
51,065,0.48,0.33,0.38,0.39,0.09
51,067,0.52,0.32,0.57,0.37,0.12
51,069,0.47,0.32,0.02,0.41,0.09
51,071,0.49,0.25,0.37,0.25,0.14
51,073,0.62,0.26,0.7,0.56,0.1
51,075,0.5,0.34,0.46,0.2,0.11
51,077,0.57,0.17,0.39,0.07,0.12
51,079,0.51,0.21,0.33,0.11,0.09
51,081,0.6,0.17,0.22,0.01,0.15
51,083,0.57,0.23,0.14,0.08,0.17
51,085,0.48,0.34,0.04,0.2,0.09
51,087,0.48,0.28,0.2,0.07,0.11
51,089,0.45,0.35,0.11,0.24,0.14
51,091,0.58,0.29,0.65,0.28,0.11
51,093,0.56,0.24,0.09,0.06,0.11
51,095,0.49,0.14,0.37,0.25,0.11
51,097,0.47,0.38,0.12,0.37,0.11
51,099,0.48,0.34,0.03,0.18,0.1
51,101,0.47,0.28,0.13,0.13,0.11
51,103,0.43,0.32,0.21,0.05,0.19
51,105,0.4,0.38,0.07,0.35,0.18
51,107,0.59,0.24,0.14,0.14,0.09
51,109,0.38,0.22,0.63,0.21,0.11
51,111,0.49,0.37,0.41,0.33,0.13
51,113,0.51,0.21,0.61,0.24,0.08
51,115,0.54,0.24,0.14,0.07,0.12
51,117,0.37,0.1,0.18,0.46,0.18
51,119,0.56,0.21,0.44,0.16,0.1
51,121,0.46,0.37,0.29,0.34,0.11
51,125,0.28,0.7,0.01,0.16,0.11
51,127,0.62,0.23,0.5,0.38,0.09
51,131,0.5,0.27,0.29,0.16,0.2
51,133,0.48,0.4,0.21,0.1,0.19
51,135,0.62,0.17,0.24,0.07,0.11
51,137,0.55,0.22,0.24,0.17,0.12
51,139,0.44,0.36,0.33,0.27,0.17
51,141,0.35,0.61,0.31,0.17,0.15
51,143,0.44,0.3,0.07,0.45,0.15
51,145,0.14,0.22,0.16,0.17,0.1
51,147,0.71,0.09,0.34,0.03,0.17
51,149,0.49,0.29,0.22,0.19,0.15
51,153,0.44,0.33,0.39,0.3,0.1
51,155,0.45,0.2,0.36,0.35,0.15
51,157,0.49,0.33,0.16,0.15,0.1
51,159,0.64,0.07,0.37,0.16,0.12
51,161,0.65,0.1,0.33,0.13,0.1
51,163,0.56,0.31,0.53,0.42,0.11
51,165,0.35,0.51,0.15,0.17,0.09
51,167,0.44,0.41,0.4,0.28,0.19
51,169,0.35,0.52,0.23,0.15,0.13
51,171,0.35,0.16,0.14,0.39,0.1
51,173,0.44,0.41,0.16,0.25,0.16
51,175,0.49,0.24,0.19,0.05,0.11
51,177,0.56,0.17,0.53,0.27,0.12
51,179,0.47,0.13,0.55,0.33,0.11
51,181,0.47,0.43,0.4,0.35,0.15
51,183,0.35,0.62,0.31,0.23,0.2
51,185,0.52,0.26,0.1,0.47,0.2
51,187,0.47,0.29,0.45,0.35,0.11
51,191,0.52,0.32,0.18,0.13,0.14
51,193,0.48,0.33,0.04,0.29,0.15
51,195,0.41,0.41,0.08,0.36,0.21
51,197,0.49,0.25,0.86,0.5,0.16
51,199,0.46,0.33,0.26,0.25,0.11
51,510,0.53,0.29,0.06,0.05,0.08
51,520,0.56,0.2,0.62,0.3,0.17
51,530,0.44,0.25,0.14,0.05,0.11
51,540,0.37,0.23,0.37,0.3,0.09
51,550,0.51,0.18,0.43,0.17,0.12
51,570,0.67,0.1,0.43,0.09,0.13
51,580,0.42,0.35,0.08,0.23,0.19
51,590,0.23,0.1,0.16,0.58,0.23
51,595,0.42,0.41,0.09,0.13,0.23
51,600,0.38,0.34,0.36,0.24,0.08
51,610,0.42,0.17,0.58,0.44,0.07
51,620,0.48,0.32,0.12,0.11,0.18
51,630,0.52,0.23,0.39,0.38,0.15
51,640,0.41,0.41,0.07,0.27,0.14
51,650,0.53,0.28,0.07,0.15,0.17
51,660,0.46,0.31,0.02,0.31,0.13
51,670,0.45,0.29,0.12,0.11,0.19
51,678,0.43,0.37,0.02,0.3,0.22
51,680,0.5,0.33,0.06,0.16,0.16
51,683,0.46,0.33,0.04,0.3,0.1
51,685,0.45,0.29,0.4,0.17,0.1
51,690,0.61,0.18,0.28,0.11,0.18
51,700,0.64,0.11,0.32,0.04,0.15
51,710,0.43,0.33,0.17,0.21,0.15
51,720,0.6,0.19,0.5,0.18,0.16
51,730,0.42,0.32,0.5,0.23,0.26
51,735,0.34,0.25,0.64,0.17,0.09
51,740,0.45,0.32,0.05,0.26,0.17
51,750,0.54,0.18,0.34,0.11,0.16
51,760,0.53,0.22,0.1,0.15,0.14
51,770,0.44,0.34,0.04,0.24,0.12
51,775,0.55,0.3,0.19,0.3,0.11
51,790,0.44,0.39,0.33,0.14,0.11
51,800,0.23,0.22,0.27,0.26,0.12
51,810,0.54,0.23,0.21,0.2,0.11
51,820,0.47,0.25,0.08,0.33,0.12
51,830,0.48,0.32,0.05,0.26,0.17
51,840,0.58,0.22,0.25,0.06,0.11
53,001,0.87,0.14,0.31,0.42,0.27
53,003,0.49,0.35,0.07,0.22,0.18
53,005,0.65,0.2,0.2,0.22,0.24
53,007,0.58,0.28,0.11,0.21,0.23
53,009,0.4,0.47,0.12,0.29,0.32
53,011,0.6,0.21,0.16,0.16,0.22
53,013,0.43,0.46,0.1,0.24,0.26
53,015,0.55,0.29,0.1,0.29,0.28
53,017,0.64,0.25,0.3,0.23,0.26
53,019,0.42,0.38,0.25,0.38,0.57
53,021,0.82,0.09,0.3,0.27,0.31
53,023,0.54,0.39,0.06,0.19,0.25
53,025,0.73,0.18,0.32,0.27,0.33
53,027,0.49,0.31,0.13,0.26,0.34
53,029,0.43,0.38,0.16,0.14,0.23
53,031,0.29,0.58,0.09,0.2,0.26
53,033,0.49,0.17,0.35,0.16,0.11
53,035,0.49,0.25,0.19,0.15,0.21
53,037,0.41,0.22,0.11,0.33,0.26
53,039,0.47,0.36,0.09,0.25,0.27
53,041,0.52,0.32,0.09,0.27,0.3
53,043,0.51,0.42,0.06,0.23,0.23
53,045,0.45,0.36,0.16,0.27,0.3
53,047,0.55,0.33,0.27,0.39,0.33
53,049,0.39,0.49,0.1,0.33,0.33
53,051,0.46,0.41,0.1,0.29,0.39
53,053,0.57,0.18,0.27,0.2,0.24
53,055,0.3,0.53,0.07,0.17,0.16
53,057,0.53,0.31,0.18,0.24,0.25
53,059,0.46,0.29,0.07,0.22,0.26
53,061,0.55,0.17,0.24,0.13,0.12
53,063,0.53,0.22,0.12,0.25,0.24
53,065,0.52,0.35,0.12,0.27,0.34
53,067,0.52,0.24,0.19,0.18,0.22
53,069,0.39,0.56,0.08,0.23,0.32
53,071,0.51,0.26,0.16,0.22,0.23
53,073,0.47,0.24,0.17,0.25,0.23
53,075,0.34,0.12,0.18,0.43,0.19
53,077,0.73,0.18,0.23,0.33,0.34
54,001,0.47,0.29,0.04,0.39,0.28
54,003,0.57,0.2,0.13,0.21,0.15
54,005,0.52,0.27,0.02,0.44,0.26
54,007,0.47,0.33,0.02,0.39,0.36
54,009,0.42,0.36,0.04,0.2,0.24
54,011,0.47,0.27,0.09,0.4,0.19
54,013,0.45,0.37,0.02,0.29,0.66
54,015,0.54,0.3,0.02,0.46,0.42
54,017,0.4,0.31,0.04,0.23,0.2
54,019,0.49,0.3,0.07,0.34,0.27
54,021,0.35,0.23,0.19,0.36,0.33
54,023,0.45,0.38,0.03,0.21,0.26
54,025,0.46,0.36,0.06,0.31,0.21
54,027,0.47,0.33,0.03,0.29,0.17
54,029,0.46,0.35,0.05,0.22,0.24
54,031,0.47,0.32,0.06,0.25,0.24
54,033,0.51,0.29,0.05,0.25,0.2
54,035,0.52,0.3,0.03,0.25,0.23
54,037,0.54,0.22,0.13,0.15,0.13
54,039,0.48,0.3,0.12,0.28,0.21
54,041,0.49,0.31,0.02,0.35,0.3
54,043,0.53,0.27,0.01,0.46,0.3
54,045,0.49,0.28,0.04,0.4,0.28
54,047,0.47,0.29,0.06,0.27,0.46
54,049,0.48,0.32,0.03,0.25,0.24
54,051,0.49,0.31,0.03,0.33,0.3
54,053,0.47,0.31,0.11,0.6,0.28
54,055,0.48,0.33,0.09,0.38,0.27
54,057,0.48,0.32,0.05,0.24,0.27
54,059,0.53,0.26,0.04,0.54,0.33
54,061,0.37,0.15,0.1,0.36,0.16
54,063,0.47,0.41,0.03,0.3,0.2
54,065,0.44,0.35,0.03,0.17,0.17
54,067,0.47,0.33,0.03,0.33,0.3
54,069,0.44,0.33,0.07,0.21,0.2
54,071,0.41,0.42,0.04,0.33,0.17
54,073,0.45,0.28,0.01,0.26,0.33
54,075,0.4,0.39,0.03,0.3,0.27
54,077,0.45,0.29,0.07,0.24,0.21
54,079,0.54,0.26,0.04,0.14,0.19
54,081,0.49,0.3,0.12,0.29,0.22
54,083,0.45,0.33,0.03,0.29,0.28
54,085,0.47,0.34,0.01,0.32,0.27
54,087,0.51,0.32,0.02,0.34,0.47
54,089,0.39,0.37,0.08,0.31,0.26
54,091,0.48,0.29,0.04,0.26,0.22
54,093,0.41,0.4,0.02,0.25,0.24
54,095,0.46,0.34,0.02,0.28,0.38
54,097,0.48,0.3,0.03,0.36,0.28
54,099,0.5,0.31,0.02,0.37,0.25
54,101,0.48,0.35,0.0,0.49,0.3
54,103,0.48,0.36,0.02,0.42,0.35
54,105,0.53,0.29,0.02,0.38,0.39
54,107,0.5,0.31,0.04,0.29,0.24
54,109,0.5,0.3,0.03,0.4,0.33
55,001,0.33,0.47,0.07,0.2,0.24
55,003,0.53,0.28,0.16,0.24,0.22
55,005,0.51,0.33,0.04,0.18,0.18
55,007,0.41,0.42,0.14,0.17,0.26
55,009,0.58,0.19,0.15,0.17,0.13
55,011,0.5,0.34,0.03,0.17,0.19
55,013,0.42,0.46,0.09,0.24,0.25
55,015,0.6,0.2,0.05,0.07,0.11
55,017,0.54,0.25,0.05,0.16,0.17
55,019,0.72,0.25,0.04,0.22,0.14
55,021,0.52,0.25,0.05,0.12,0.13
55,023,0.5,0.34,0.05,0.2,0.19
55,025,0.49,0.17,0.17,0.2,0.09
55,027,0.48,0.25,0.07,0.12,0.12
55,029,0.37,0.46,0.04,0.12,0.17
55,031,0.48,0.26,0.07,0.23,0.19
55,033,0.47,0.22,0.06,0.19,0.15
55,035,0.48,0.21,0.08,0.23,0.13
55,037,0.37,0.4,0.01,0.12,0.22
55,039,0.52,0.26,0.07,0.12,0.12
55,041,0.48,0.36,0.2,0.3,0.24
55,043,0.48,0.25,0.04,0.24,0.13
55,045,0.54,0.26,0.03,0.13,0.12
55,047,0.54,0.34,0.04,0.18,0.17
55,049,0.56,0.26,0.03,0.13,0.12
55,051,0.32,0.49,0.03,0.25,0.29
55,053,0.52,0.28,0.12,0.2,0.17
55,055,0.52,0.23,0.06,0.14,0.13
55,057,0.47,0.32,0.06,0.22,0.14
55,059,0.57,0.18,0.15,0.24,0.18
55,061,0.52,0.3,0.03,0.14,0.13
55,063,0.47,0.22,0.09,0.23,0.12
55,065,0.6,0.27,0.03,0.16,0.11
55,067,0.45,0.37,0.04,0.25,0.19
55,069,0.45,0.32,0.03,0.13,0.16
55,071,0.5,0.3,0.06,0.16,0.15
55,073,0.55,0.25,0.09,0.16,0.12
55,075,0.45,0.36,0.03,0.21,0.21
55,077,0.46,0.39,0.04,0.19,0.18
55,078,0.8,0.18,0.94,0.67,0.39
55,079,0.58,0.18,0.41,0.36,0.18
55,081,0.61,0.24,0.07,0.2,0.12
55,083,0.48,0.3,0.04,0.13,0.16
55,085,0.39,0.41,0.04,0.13,0.19
55,087,0.57,0.19,0.11,0.12,0.12
55,089,0.52,0.28,0.06,0.07,0.12
55,091,0.51,0.34,0.02,0.21,0.17
55,093,0.5,0.19,0.04,0.16,0.15
55,095,0.51,0.3,0.04,0.15,0.18
55,097,0.46,0.22,0.07,0.2,0.14
55,099,0.4,0.4,0.04,0.19,0.2
55,101,0.57,0.23,0.21,0.19,0.18
55,103,0.52,0.34,0.04,0.22,0.13
55,105,0.57,0.23,0.12,0.24,0.16
55,107,0.49,0.38,0.04,0.25,0.23
55,109,0.55,0.27,0.06,0.18,0.15
55,111,0.47,0.4,0.24,0.3,0.12
55,113,0.51,0.32,0.11,0.18,0.22
55,115,0.54,0.25,0.11,0.11,0.13
55,117,0.62,0.17,0.04,0.05,0.11
55,119,0.57,0.28,0.02,0.17,0.16
55,121,0.59,0.26,0.08,0.13,0.16
55,123,0.63,0.29,0.03,0.28,0.14
55,125,0.38,0.51,0.14,0.26,0.19
55,127,0.51,0.24,0.07,0.2,0.14
55,129,0.45,0.41,0.04,0.21,0.18
55,131,0.54,0.25,0.05,0.06,0.12
55,133,0.53,0.26,0.08,0.05,0.12
55,135,0.49,0.32,0.04,0.17,0.14
55,137,0.43,0.38,0.07,0.17,0.18
55,139,0.49,0.22,0.08,0.19,0.12
55,141,0.51,0.31,0.06,0.17,0.17
56,001,0.37,0.13,0.11,0.39,0.13
56,003,0.62,0.32,0.05,0.21,0.19
56,005,0.68,0.08,0.06,0.14,0.16
56,007,0.56,0.22,0.07,0.21,0.14
56,009,0.6,0.22,0.02,0.11,0.11
56,011,0.58,0.28,0.04,0.05,0.13
56,013,0.61,0.26,0.28,0.22,0.2
56,015,0.48,0.34,0.07,0.21,0.16
56,017,0.48,0.42,0.04,0.2,0.15
56,019,0.52,0.35,0.08,0.15,0.16
56,021,0.55,0.22,0.12,0.16,0.15
56,023,0.66,0.23,0.04,0.14,0.14
56,025,0.58,0.19,0.07,0.15,0.17
56,027,0.45,0.3,0.08,0.22,0.11
56,029,0.49,0.33,0.06,0.09,0.18
56,031,0.49,0.38,0.05,0.16,0.15
56,033,0.52,0.3,0.06,0.09,0.15
56,035,0.58,0.23,0.04,0.1,0.2
56,037,0.65,0.12,0.07,0.19,0.17
56,039,0.45,0.18,0.1,0.09,0.11
56,041,0.72,0.16,0.06,0.25,0.17
56,043,0.59,0.32,0.1,0.21,0.17
56,045,0.5,0.29,0.07,0.23,0.12
