STATEFP,COUNTYFP,RenewablesEmploymentPCTEmp,FossilEmploymentPCTEmp,EfficiencyEmploymentPCTEmp,TransmissionEmploymentPCTEmp,MotorVehiclesEmploymentPCTEmp
1,1,0.08,0.31,0.51,0.56,2.45
1,3,0.1,0.31,1.1,0.67,0.68
1,5,0.39,0.49,0.68,1.79,1.61
1,7,0.34,0.14,0.55,3.02,0.87
1,9,0.06,0.16,0.65,0.78,0.86
1,11,0.39,0.15,0.54,2.13,0.24
1,13,0.41,0.26,0.61,2.43,7.3
1,15,0.13,0.35,0.87,1.17,4.01
1,17,0.29,0.09,0.81,0.89,7.79
1,19,0.25,0.1,0.33,1.37,5.76
1,21,0.25,0.37,0.81,1.1,5.26
1,23,1.12,0.5,0.77,1.31,1.41
1,25,0.88,0.61,0.76,1.62,1.14
1,27,0.44,0.23,0.41,1.12,0.49
1,29,0.16,0.26,0.45,5.83,0.89
1,31,0.12,0.16,0.78,1.09,2.29
1,33,0.13,0.61,1.72,1.1,9.86
1,35,0.8,0.4,1.12,1.22,4.65
1,37,0.27,0.14,0.5,0.9,1.25
1,39,0.18,4.7,0.88,3.0,2.74
1,41,0.42,0.14,2.42,1.07,17.82
1,43,0.1,0.21,1.02,0.99,4.49
1,45,0.17,0.33,1.14,1.33,0.42
1,47,0.11,0.26,0.86,1.3,3.02
1,49,0.12,0.4,1.66,1.08,4.88
1,51,0.15,0.14,0.7,0.76,1.12
1,53,0.27,1.37,0.92,1.53,1.74
1,55,0.08,0.63,0.92,0.71,2.86
1,57,0.59,0.43,0.47,1.34,3.45
1,59,0.17,0.37,1.4,0.88,9.63
1,61,0.09,0.67,1.69,1.16,0.53
1,63,0.22,0.4,0.79,2.03,0.42
1,65,0.38,0.28,1.21,1.45,0.22
1,67,0.42,0.47,0.72,2.1,0.74
1,69,0.13,0.36,1.77,0.86,2.1
1,71,0.09,0.16,0.88,0.79,2.39
1,73,0.14,0.53,1.93,2.99,2.0
1,75,0.3,0.32,0.83,1.13,0.68
1,77,0.13,0.18,0.96,0.61,1.41
1,79,0.07,0.12,0.6,1.58,0.35
1,81,0.1,0.19,1.15,0.79,3.44
1,83,0.1,0.12,0.8,2.5,2.68
1,85,0.39,0.19,3.66,1.71,12.61
1,87,0.07,0.12,1.73,0.58,5.38
1,89,0.22,0.52,2.88,0.91,2.3
1,91,1.03,1.71,1.2,2.04,0.68
1,93,0.18,0.16,0.69,0.92,0.65
1,95,0.06,0.15,0.84,0.78,4.18
1,97,0.15,0.82,1.72,1.59,1.6
1,99,0.72,0.29,0.47,1.48,1.58
1,101,0.14,0.41,1.95,1.51,5.99
1,103,0.12,0.48,1.57,0.92,1.07
1,105,0.25,0.19,0.73,1.1,0.4
1,107,0.26,0.15,0.5,0.83,0.19
1,109,0.25,0.18,0.78,1.1,1.4
1,111,0.25,0.14,0.47,1.23,0.55
1,113,0.09,0.27,0.79,0.85,0.91
1,115,0.12,0.38,1.15,1.04,5.4
1,117,0.11,0.54,1.56,1.96,1.06
1,119,0.31,0.36,0.56,1.32,0.71
1,121,0.07,0.24,0.73,0.92,19.77
1,123,0.11,0.31,1.46,0.85,7.71
1,125,0.13,0.76,1.38,1.04,8.41
1,127,0.27,0.87,0.62,2.0,1.57
1,129,0.61,4.38,1.11,1.1,0.28
1,131,0.87,0.28,1.32,2.06,1.22
1,133,0.1,0.15,0.88,0.99,2.86
2,13,0.01,0.31,0.11,0.25,0.02
2,16,0.17,0.31,0.35,0.2,0.07
2,20,0.18,2.84,1.74,1.95,1.02
2,50,0.1,0.53,0.46,0.86,0.09
2,60,0.16,2.92,1.74,0.71,0.15
2,68,0.07,2.01,0.3,0.47,0.11
2,70,1.13,0.41,0.25,0.38,0.07
2,90,0.07,0.76,1.38,3.22,0.65
2,100,1.49,1.08,1.59,1.43,0.13
2,105,0.19,1.3,0.48,0.26,0.06
2,110,0.46,0.46,1.19,0.75,0.4
2,122,0.06,5.22,0.86,1.59,0.44
2,130,0.39,0.72,1.31,0.78,0.37
2,150,0.8,0.22,0.57,0.42,0.25
2,158,0.06,0.31,0.29,0.07,0.03
2,164,1.64,2.12,0.93,1.05,0.2
2,170,0.07,0.25,0.98,1.01,0.4
2,180,0.07,0.46,0.35,0.68,0.15
2,185,0.04,229.07,3.5,9.7,0.3
2,188,0.09,1.3,0.33,0.43,0.19
2,195,0.24,0.6,0.47,1.47,0.04
2,198,0.55,0.41,0.4,1.17,0.17
2,220,0.06,0.42,0.97,0.65,0.28
2,230,0.71,0.77,0.95,0.2,0.07
2,240,0.25,0.94,1.22,1.83,0.57
2,261,1.01,2.0,0.72,5.12,0.1
2,275,0.39,0.54,0.52,0.31,0.39
2,282,0.48,2.36,1.44,3.5,0.26
2,290,0.08,0.83,0.61,1.73,0.18
4,1,0.32,11.93,0.4,0.44,0.23
4,3,0.1,0.09,1.01,0.63,0.53
4,5,0.29,0.04,0.79,0.43,0.69
4,7,0.06,0.07,0.76,0.44,0.48
4,9,0.15,0.04,0.64,0.44,0.81
4,11,0.06,0.07,0.89,1.01,0.71
4,12,0.1,0.04,0.39,0.19,1.66
4,13,0.43,0.09,1.58,0.77,1.03
4,15,0.07,0.26,0.72,0.81,0.98
4,17,0.09,0.05,0.72,0.56,0.77
4,19,0.23,1.39,1.06,0.48,0.92
4,21,0.09,0.04,0.34,0.19,0.31
4,23,0.05,0.04,0.51,0.36,0.49
4,25,0.1,0.05,0.98,0.27,0.91
4,27,0.13,0.29,0.92,0.3,0.83
5,1,0.35,0.29,4.13,1.18,0.7
5,3,0.83,0.31,1.15,1.53,1.09
5,5,0.11,0.26,0.96,0.83,2.7
5,7,0.11,0.44,1.09,0.89,1.16
5,9,0.09,0.17,0.72,0.7,1.15
5,11,1.23,0.33,0.51,0.72,0.78
5,13,0.28,0.34,0.6,1.09,0.9
5,15,0.06,0.16,0.73,1.35,0.46
5,17,0.9,0.29,1.05,0.74,0.91
5,19,0.59,0.3,0.88,0.85,1.05
5,21,0.58,0.23,0.78,1.64,1.96
5,23,0.2,0.73,1.44,1.58,6.38
5,25,0.59,0.19,0.37,0.38,0.3
5,27,0.23,4.68,0.68,0.9,0.65
5,29,0.25,0.41,1.35,1.75,0.9
5,31,0.14,0.21,1.15,0.78,1.44
5,33,0.16,0.46,0.96,0.94,1.9
5,35,0.23,0.3,0.68,0.57,4.41
5,37,0.45,0.16,0.4,0.58,0.91
5,39,1.16,0.24,0.65,0.84,0.58
5,41,0.66,0.2,1.03,0.68,2.12
5,43,0.8,0.17,0.42,0.63,0.42
5,45,0.09,0.64,1.04,0.89,1.02
5,47,0.1,1.92,0.94,3.21,0.38
5,49,0.08,0.17,0.36,1.62,0.33
5,51,0.17,0.29,1.11,0.78,0.82
5,53,0.39,0.15,0.62,0.39,0.55
5,55,0.15,0.15,0.85,0.75,10.77
5,57,0.27,0.77,1.16,1.96,0.78
5,59,0.13,0.14,0.39,1.14,0.56
5,61,0.41,0.17,0.44,0.79,2.18
5,63,0.09,1.04,0.68,0.47,1.36
5,65,0.11,0.41,0.75,0.78,0.54
5,67,0.52,0.19,0.58,0.91,1.55
5,69,0.16,0.73,0.97,0.99,1.62
5,71,0.17,0.13,0.5,0.39,0.75
5,73,0.5,3.62,0.95,1.36,0.49
5,75,0.35,0.17,0.59,0.8,0.51
5,77,0.82,0.26,0.59,0.9,0.37
5,79,0.38,0.2,0.51,2.39,0.56
5,81,0.21,0.17,0.63,0.36,0.51
5,83,0.07,0.36,0.68,0.55,9.03
5,85,0.18,0.14,0.53,0.71,0.28
5,87,0.14,0.18,0.29,0.57,0.25
5,89,0.27,0.13,0.32,0.58,0.17
5,91,0.15,0.27,0.78,1.31,1.27
5,93,0.52,1.24,2.73,2.25,3.06
5,95,0.57,0.25,0.62,0.51,2.21
5,97,0.25,0.25,0.84,0.59,0.34
5,99,0.45,0.23,0.54,1.04,0.8
5,101,0.08,0.17,0.48,1.18,0.47
5,103,0.26,0.97,0.61,1.02,0.81
5,105,0.12,2.8,0.59,0.91,0.24
5,107,0.54,0.6,0.64,1.17,0.47
5,109,0.42,0.26,0.41,0.54,2.22
5,111,0.4,0.08,0.4,0.21,0.43
5,113,0.17,0.21,1.33,1.42,2.03
5,115,0.42,0.49,1.12,1.64,2.37
5,117,0.33,0.25,0.67,0.53,0.35
5,119,0.2,0.58,1.81,1.97,1.65
5,121,0.22,0.2,0.74,0.72,0.45
5,123,0.29,0.22,1.12,1.34,0.41
5,125,0.11,0.18,0.89,0.69,0.59
5,127,0.25,0.22,0.38,0.89,0.41
5,129,0.23,0.26,0.59,0.81,0.18
5,131,0.12,0.77,2.02,1.77,1.49
5,133,0.35,0.26,0.52,0.64,0.86
5,135,0.11,0.21,0.73,0.87,0.74
5,137,0.15,0.15,0.33,0.4,1.55
5,139,0.31,7.04,1.72,2.74,1.13
5,141,0.1,2.72,0.74,2.27,1.13
5,143,0.12,0.47,1.25,0.92,1.28
5,145,0.1,0.76,0.81,1.07,1.31
5,147,0.55,0.53,0.7,1.53,0.39
5,149,0.16,0.13,0.54,0.47,0.51
6,1,1.28,0.31,2.04,0.71,2.02
6,3,3.93,19.1,25.05,10.93,10.6
6,5,1.79,0.8,1.72,0.57,1.31
6,7,1.27,0.84,1.19,0.28,0.79
6,9,0.77,0.57,1.51,0.88,0.63
6,11,1.07,1.28,1.72,1.27,0.95
6,13,1.33,1.18,1.63,1.37,0.76
6,15,0.97,1.16,1.88,1.03,0.89
6,17,0.55,0.35,1.42,1.13,0.96
6,19,0.54,0.28,1.27,0.83,1.32
6,21,0.93,1.0,1.56,1.22,0.99
6,23,1.08,0.27,1.17,0.6,0.88
6,25,0.65,0.58,0.99,0.39,0.54
6,27,2.8,1.64,2.24,0.8,1.58
6,29,0.6,2.47,1.22,1.41,1.03
6,31,0.38,0.25,0.74,0.36,0.62
6,33,0.53,0.41,1.0,1.05,0.56
6,35,1.82,1.21,1.89,0.81,1.87
6,37,0.46,0.33,1.35,0.62,1.14
6,39,0.52,0.24,1.18,0.42,1.05
6,41,1.48,0.33,1.93,0.57,1.18
6,43,1.2,1.54,2.39,0.94,0.94
6,45,1.47,0.36,1.22,0.65,1.11
6,47,0.49,0.15,0.67,0.28,0.75
6,49,2.65,3.44,5.01,8.87,2.8
6,51,0.98,1.9,2.67,0.86,0.69
6,53,0.41,0.26,0.93,0.62,0.66
6,55,0.37,0.33,1.77,0.72,0.79
6,57,0.87,0.43,1.82,0.47,1.14
6,59,0.77,0.57,2.4,1.58,1.49
6,61,2.09,0.32,2.18,0.99,1.01
6,63,1.97,1.56,3.09,11.45,1.43
6,65,0.72,0.27,1.39,0.48,1.18
6,67,0.84,0.29,1.73,0.95,1.02
6,69,0.34,0.45,1.49,0.41,0.62
6,71,0.39,0.45,1.06,1.09,1.59
6,73,1.26,0.36,2.11,0.84,1.01
6,75,3.51,0.75,3.4,1.65,0.62
6,77,0.46,0.16,1.05,0.63,1.33
6,79,3.68,0.44,1.68,1.14,0.96
6,81,0.88,0.38,2.06,0.68,0.97
6,83,0.93,0.53,1.67,0.5,0.81
6,85,1.0,0.54,2.85,0.81,0.89
6,87,0.56,0.21,1.14,0.36,0.8
6,89,1.98,0.34,1.53,0.39,1.47
6,91,2.76,8.16,11.08,4.71,4.17
6,93,3.04,0.69,1.52,0.8,1.25
6,95,0.27,0.44,1.12,1.2,0.9
6,97,1.67,0.2,1.57,0.55,0.92
6,99,0.43,0.18,1.2,0.49,1.25
6,101,0.58,0.98,1.1,0.89,1.0
6,103,1.05,0.48,1.04,1.04,0.94
6,105,1.68,2.25,3.09,1.32,1.72
6,107,0.61,0.31,0.95,0.38,0.82
6,109,1.03,0.65,1.62,0.85,1.49
6,111,0.51,0.66,1.43,0.37,0.99
6,113,0.43,0.41,1.35,0.88,1.95
6,115,0.48,0.46,1.11,0.92,0.7
8,1,0.51,0.84,1.16,1.29,2.25
8,3,1.91,0.3,0.89,0.63,0.97
8,5,0.66,0.78,1.37,0.66,0.96
8,7,1.01,0.31,0.54,0.81,0.84
8,9,0.29,0.67,0.31,0.61,0.38
8,11,0.11,0.17,0.2,0.5,0.42
8,13,1.38,0.65,1.08,0.55,0.96
8,14,0.93,0.47,0.86,0.76,0.75
8,15,0.92,0.38,1.24,1.0,0.82
8,17,0.35,5.48,0.43,0.97,1.17
8,19,0.23,0.22,0.28,0.24,0.25
8,21,0.33,0.12,0.29,0.17,0.22
8,23,10.34,0.18,0.24,0.31,0.45
8,25,0.2,0.21,0.47,0.7,0.55
8,27,2.79,0.43,0.88,0.88,2.01
8,29,2.68,0.53,0.44,0.49,0.4
8,31,1.06,2.63,1.74,1.31,1.05
8,33,0.61,0.79,0.38,0.37,1.18
8,35,0.38,0.61,0.9,0.55,0.93
8,37,0.5,0.33,1.19,0.43,0.61
8,39,1.15,0.23,0.72,0.27,0.43
8,41,0.44,0.39,0.99,0.6,1.14
8,43,0.52,0.22,0.67,0.65,0.73
8,45,0.84,2.76,1.45,2.45,0.86
8,47,0.15,0.13,0.3,0.23,0.23
8,49,0.81,0.26,0.9,1.28,0.41
8,51,0.37,0.27,0.98,0.77,0.53
8,53,0.5,0.71,1.78,0.83,2.8
8,55,0.2,0.24,0.4,1.56,0.33
8,57,14.13,1.92,0.74,2.3,0.3
8,59,0.84,0.43,0.95,0.95,0.95
8,61,0.83,1.06,0.42,1.86,0.3
8,63,0.51,0.39,0.42,1.24,0.81
8,65,0.15,0.23,0.47,0.31,0.18
8,67,0.51,1.57,1.07,4.81,0.75
8,69,0.45,0.49,0.98,0.6,0.95
8,71,0.26,3.41,0.45,1.76,1.13
8,73,0.55,0.79,0.52,2.94,0.86
8,75,4.27,1.48,0.47,1.26,0.88
8,77,0.43,2.03,0.92,0.89,1.38
8,79,0.3,0.59,1.2,0.84,0.57
8,81,0.87,4.57,0.38,3.06,0.99
8,83,0.6,1.71,0.38,1.25,0.76
8,85,1.02,0.37,0.78,1.35,0.95
8,87,0.57,2.68,0.37,1.54,0.84
8,89,0.39,0.13,0.25,1.69,0.59
8,91,2.98,0.63,1.22,0.6,0.41
8,93,0.69,0.18,0.38,0.21,0.23
8,95,0.6,0.5,0.34,2.42,1.29
8,97,0.5,0.47,1.42,0.4,0.7
8,99,1.0,1.25,0.47,0.59,3.11
8,101,0.44,0.38,1.01,1.55,0.84
8,103,0.48,11.39,0.87,5.93,1.43
8,105,2.99,0.25,0.33,1.36,0.78
8,107,0.32,0.63,1.08,1.63,0.76
8,109,1.1,0.19,0.21,0.15,0.25
8,111,0.45,0.54,0.77,0.74,1.52
8,113,0.32,0.35,1.21,0.42,0.18
8,115,0.26,0.29,0.36,1.72,0.68
8,117,0.52,0.25,0.83,0.54,0.54
8,119,0.6,0.2,0.46,0.44,0.56
8,121,0.25,2.5,0.25,3.09,0.28
8,123,0.85,4.77,0.78,1.47,0.85
8,125,4.39,1.57,0.4,1.02,0.75
9,1,0.17,0.31,2.11,0.58,0.89
9,3,0.28,0.29,2.48,0.6,1.29
9,5,0.06,0.13,1.59,0.35,1.28
9,7,0.46,0.25,1.74,0.62,1.63
9,9,0.09,0.17,1.63,0.68,1.08
9,11,0.04,0.16,1.57,0.51,0.55
9,13,0.1,0.09,0.98,0.3,0.5
9,15,0.05,0.44,0.94,0.38,0.54
10,1,0.1,0.24,2.03,0.39,0.67
10,3,0.17,0.77,3.11,0.69,0.77
10,5,0.19,0.23,2.12,0.36,0.68
11,1,0.47,0.2,3.26,0.57,0.63
12,1,0.23,0.32,0.92,0.6,0.67
12,3,0.12,0.21,0.93,0.61,0.87
12,5,0.17,0.35,1.31,0.58,0.96
12,7,0.15,0.24,0.77,0.91,1.04
12,9,0.19,0.32,1.31,0.51,0.88
12,11,0.15,0.28,1.1,0.41,0.84
12,13,0.55,0.49,1.43,1.11,1.13
12,15,0.19,0.25,1.07,0.3,0.89
12,17,0.14,0.96,1.22,0.88,0.93
12,19,0.09,0.21,0.84,0.66,0.62
12,21,0.22,0.23,1.59,0.39,0.78
12,23,0.19,0.18,0.87,0.62,0.86
12,27,0.3,0.27,0.87,1.11,0.66
12,29,0.55,0.32,1.11,0.94,0.95
12,31,0.18,0.38,1.57,0.55,1.37
12,33,0.16,0.3,1.35,1.09,1.38
12,35,0.11,0.1,0.6,0.33,0.48
12,37,0.24,0.47,1.66,1.29,1.15
12,39,0.21,0.18,1.13,0.82,1.31
12,41,0.63,0.3,1.24,1.18,0.9
12,43,0.31,0.36,1.19,2.37,0.89
12,45,0.34,0.39,1.68,2.15,1.03
12,47,1.18,0.43,1.59,1.24,1.3
12,49,0.61,1.38,1.0,2.15,0.81
12,51,0.46,0.27,1.12,0.91,0.54
12,53,0.14,0.28,0.74,0.35,0.81
12,55,0.2,0.14,0.73,0.51,0.68
12,57,0.21,0.78,1.5,0.49,0.98
12,59,0.22,0.31,1.27,1.13,0.97
12,61,0.19,0.19,1.19,0.34,0.82
12,63,0.18,0.22,1.14,1.26,1.83
12,65,0.59,0.36,1.25,1.71,1.73
12,67,0.21,0.59,1.76,1.78,2.08
12,69,0.13,0.25,0.91,0.45,0.79
12,71,0.22,0.43,1.42,0.5,0.88
12,73,0.19,0.29,1.11,0.67,0.92
12,75,0.31,0.16,1.2,0.89,1.29
12,77,1.24,0.67,2.05,3.55,1.81
12,79,0.34,0.27,0.89,1.47,0.96
12,81,0.15,0.43,0.94,0.5,1.02
12,83,0.15,0.25,1.03,0.46,1.81
12,85,0.23,1.49,1.51,0.67,1.06
12,86,0.15,0.32,1.08,0.39,0.81
12,87,0.21,0.29,1.2,0.6,0.45
12,89,0.27,0.13,0.64,0.5,0.7
12,91,0.15,0.33,1.45,0.76,0.99
12,93,0.13,0.27,0.86,0.57,0.96
12,95,0.15,0.29,1.43,0.47,1.56
12,97,0.05,0.12,0.58,0.15,0.46
12,99,0.42,0.46,1.22,0.68,0.81
12,101,0.11,0.49,0.74,0.49,0.6
12,103,0.17,0.23,1.11,0.45,0.87
12,105,0.1,0.21,0.85,0.33,1.02
12,107,0.21,0.69,0.75,0.89,0.7
12,109,0.05,0.12,0.63,0.24,0.54
12,111,0.11,0.09,0.83,0.71,0.61
12,113,0.1,0.2,0.68,0.48,0.67
12,115,0.25,0.3,1.54,0.59,0.92
12,117,0.13,0.48,1.42,0.82,0.97
12,119,0.15,0.25,1.44,2.45,0.5
12,121,0.22,1.33,0.65,1.27,0.7
12,123,0.65,0.28,1.05,0.99,0.95
12,125,0.25,0.57,1.77,1.27,1.43
12,127,0.12,0.16,0.87,0.4,0.83
12,129,0.18,0.18,0.73,0.58,0.75
12,131,0.14,0.2,1.34,1.46,0.62
12,133,0.35,0.33,1.21,1.7,0.71
13,1,0.17,0.11,0.97,2.64,2.28
13,3,0.08,0.08,0.34,0.35,12.18
13,5,0.34,0.07,0.5,1.97,1.71
13,7,0.28,0.68,1.67,1.08,0.7
13,9,0.09,0.05,0.62,0.47,0.8
13,11,0.12,0.05,0.42,0.47,0.66
13,13,0.07,0.07,0.55,0.28,0.59
13,15,0.1,0.56,0.83,0.42,3.72
13,17,0.28,0.07,0.51,1.94,7.21
13,19,0.12,0.06,0.31,0.23,1.26
13,21,0.24,0.15,1.05,0.69,1.08
13,23,0.41,0.07,0.91,0.33,0.61
13,25,0.31,0.05,0.53,0.22,0.33
13,27,0.16,0.04,0.34,0.81,0.43
13,29,0.1,0.06,0.62,0.34,0.89
13,31,0.09,0.08,0.71,0.39,0.96
13,33,0.48,0.84,7.22,4.19,1.71
13,35,0.1,0.12,0.98,0.68,1.68
13,37,0.11,0.11,0.63,0.62,0.33
13,39,0.11,0.09,0.8,0.74,0.56
13,43,0.12,0.1,1.02,1.43,0.28
13,45,0.12,0.11,0.99,0.81,2.54
13,47,0.16,0.05,0.45,0.3,1.28
13,49,0.43,0.08,0.62,0.37,0.52
13,51,0.11,0.12,0.99,0.59,1.44
13,53,0.49,0.83,6.94,2.54,4.03
13,55,0.16,0.09,0.6,0.52,0.93
13,57,0.08,0.07,0.73,0.34,0.61
13,59,0.1,0.16,0.88,0.63,1.43
13,61,0.51,0.26,3.07,2.4,0.82
13,63,0.06,0.06,0.43,1.3,1.69
13,65,0.79,0.12,0.64,2.02,0.48
13,67,0.14,0.31,1.44,0.81,1.13
13,69,0.17,0.1,1.43,0.54,2.55
13,71,0.15,0.06,0.47,1.07,0.84
13,73,0.13,0.06,0.62,0.34,0.7
13,75,0.12,0.09,0.57,0.31,0.68
13,77,0.06,0.6,0.53,0.49,0.86
13,79,0.34,0.08,0.5,0.41,0.25
13,81,0.16,0.07,0.91,0.32,1.27
13,83,0.11,0.28,0.9,0.45,1.2
13,85,0.07,0.11,0.71,0.24,1.35
13,87,0.24,0.12,0.75,0.82,0.74
13,89,0.23,0.14,0.74,0.51,1.12
13,91,0.17,0.1,0.64,1.18,0.67
13,93,0.06,0.1,0.33,0.98,0.59
13,95,0.21,0.27,1.64,0.74,2.32
13,97,0.08,0.06,0.62,0.63,1.17
13,99,0.29,0.1,0.61,0.26,0.31
13,101,0.39,0.13,1.16,0.64,0.4
13,103,0.11,0.05,0.34,0.48,0.44
13,105,0.13,0.18,0.4,0.29,2.84
13,107,0.17,0.45,0.91,0.5,2.83
13,109,0.73,0.12,1.48,1.04,0.89
13,111,0.14,0.09,0.57,1.29,1.72
13,113,0.14,0.13,1.46,0.97,1.52
13,115,0.14,0.57,0.49,0.52,4.06
13,117,0.08,0.19,1.17,0.83,1.02
13,119,0.12,1.19,0.93,0.56,8.27
13,121,0.34,0.36,1.92,1.36,1.27
13,123,0.14,0.07,0.5,0.65,0.52
13,125,0.81,0.19,1.09,0.68,0.56
13,127,0.16,0.09,0.76,0.47,2.95
13,129,0.13,0.05,0.54,0.31,0.34
13,131,0.37,0.06,0.76,1.31,1.56
13,133,0.37,0.08,1.04,0.95,1.15
13,135,0.13,0.16,1.15,0.59,1.19
13,137,0.12,0.05,0.4,1.41,0.52
13,139,0.1,0.1,0.84,0.53,2.68
13,141,0.07,0.15,1.01,0.73,0.51
13,143,0.11,0.4,0.85,0.7,9.92
13,145,0.07,0.05,0.46,0.17,0.32
13,147,0.13,0.71,0.74,1.28,7.56
13,149,0.13,3.46,0.77,0.87,0.29
13,151,0.07,0.04,9.64,0.79,0.84
13,153,0.09,0.09,0.71,0.65,0.58
13,155,0.21,0.12,0.98,3.13,2.18
13,157,0.09,0.09,0.89,1.45,3.61
13,159,0.85,0.06,0.41,0.37,1.85
13,161,0.65,0.12,0.5,0.36,6.54
13,163,0.39,0.21,0.85,2.14,0.86
13,165,0.19,0.09,0.54,1.92,0.42
13,167,0.28,0.07,0.67,0.35,1.95
13,169,0.12,0.04,0.64,0.84,0.29
13,171,0.06,0.96,0.29,0.92,1.04
13,173,0.28,0.07,0.39,0.69,0.34
13,175,0.14,0.11,1.02,0.63,1.11
13,177,0.06,0.06,0.73,0.29,0.79
13,179,0.08,0.05,0.36,0.7,0.59
13,181,0.62,0.15,1.22,0.56,0.36
13,183,0.07,0.04,0.24,0.13,0.16
13,185,0.15,0.17,1.13,0.72,1.1
13,187,0.1,0.62,0.55,0.33,0.9
13,189,0.16,0.09,1.4,0.6,2.22
13,191,0.07,0.05,0.39,0.25,0.31
13,193,0.14,0.08,0.43,0.34,1.87
13,195,0.09,0.04,0.46,0.45,0.56
13,197,0.49,0.09,0.55,0.45,0.38
13,199,0.19,0.07,0.67,0.47,4.2
13,201,0.15,0.1,0.77,0.34,0.47
13,205,0.18,0.14,0.44,0.96,1.66
13,207,2.32,2.3,0.75,0.82,0.95
13,209,0.36,0.09,0.63,0.33,2.53
13,211,0.19,0.09,0.96,0.36,2.01
13,213,0.04,0.27,0.18,0.2,0.45
13,215,0.13,0.1,1.0,0.64,1.28
13,217,0.07,0.07,0.58,0.72,1.56
13,219,0.13,0.1,0.72,0.35,0.27
13,221,0.14,0.05,0.53,0.33,0.32
13,223,0.04,0.04,0.47,0.23,0.44
13,225,0.15,0.08,0.74,0.26,19.54
13,227,0.17,0.06,0.62,1.17,0.45
13,229,0.33,0.06,0.72,0.96,0.87
13,231,0.11,0.1,0.82,0.44,0.54
13,233,0.06,0.11,0.51,0.3,1.41
13,235,0.11,0.09,0.47,0.37,0.32
13,237,0.2,0.56,0.84,0.39,1.27
13,239,0.42,0.28,1.51,1.06,0.88
13,241,0.22,0.31,1.04,0.91,0.58
13,243,1.27,0.13,0.76,0.98,0.78
13,245,0.13,0.13,1.11,0.62,1.26
13,247,0.13,0.13,1.43,2.02,1.06
13,249,0.38,0.15,0.85,0.4,1.26
13,251,0.68,3.69,1.55,0.9,1.02
13,253,0.16,0.12,0.66,2.8,0.7
13,255,0.11,0.12,0.99,0.43,1.29
13,257,0.11,0.32,0.95,0.44,0.69
13,259,0.54,0.11,0.63,0.61,0.85
13,261,0.24,0.14,0.61,1.08,1.02
13,263,0.29,0.93,1.27,0.36,0.47
13,265,0.44,0.38,2.15,1.5,3.25
13,267,0.29,0.06,0.45,1.61,0.2
13,269,0.33,1.06,4.95,3.99,1.47
13,271,0.28,0.07,0.52,0.34,1.17
13,273,0.15,0.08,0.6,0.46,0.61
13,275,0.3,0.24,1.46,0.46,1.42
13,277,0.18,0.07,1.0,0.88,1.7
13,279,0.32,0.1,1.16,2.12,0.92
13,281,0.13,0.13,1.08,6.34,0.37
13,283,0.18,0.11,0.61,0.54,0.69
13,285,0.1,0.15,1.49,0.57,19.7
13,287,0.22,0.13,0.61,0.5,0.28
13,289,0.13,0.09,0.7,0.55,3.46
13,291,0.12,0.09,0.71,0.46,0.73
13,293,0.13,0.06,0.6,0.36,1.01
13,295,0.06,0.03,0.18,0.07,2.05
13,297,0.13,0.11,1.17,2.35,2.74
13,299,0.2,0.09,0.73,0.53,1.39
13,301,0.24,0.16,0.61,0.6,1.29
13,303,0.22,0.16,1.07,2.11,1.41
13,305,0.15,0.07,0.91,0.71,0.9
13,307,0.29,0.26,1.46,0.95,0.89
13,309,1.13,0.16,1.09,3.39,1.01
13,311,0.11,0.08,0.52,0.82,2.06
13,313,0.1,0.13,0.57,0.72,2.48
13,315,0.18,0.1,0.6,0.56,0.5
13,317,0.43,0.12,1.02,1.29,1.37
13,319,0.37,0.14,1.04,0.5,1.59
13,321,0.06,0.04,0.43,0.25,1.58
15,1,1.76,0.46,0.61,0.38,0.48
15,3,0.94,0.51,0.93,0.76,0.65
15,5,,,,,
15,7,1.3,0.33,0.58,0.3,0.44
15,9,1.61,0.4,0.64,0.44,0.51
16,1,0.35,0.28,1.54,1.66,1.57
16,3,0.99,0.16,0.51,0.45,0.58
16,5,0.26,0.17,0.92,1.05,0.79
16,7,0.16,0.35,0.4,1.16,0.97
16,9,0.76,0.15,0.49,0.82,1.25
16,11,0.23,0.1,0.59,0.67,1.09
16,13,0.43,0.32,2.42,1.09,0.95
16,15,0.59,0.09,0.59,0.33,0.34
16,17,0.36,0.23,0.75,1.29,0.79
16,19,0.25,0.25,1.06,0.85,1.67
16,21,0.78,0.12,0.75,0.34,0.64
16,23,0.33,0.68,1.12,0.73,1.52
16,25,0.44,0.4,1.23,0.85,0.65
16,27,0.24,0.12,0.98,0.84,1.52
16,29,0.23,0.19,1.14,5.62,0.94
16,31,0.29,0.77,0.75,1.11,1.33
16,33,1.09,0.64,1.26,1.27,1.17
16,35,1.45,0.14,0.64,0.74,0.69
16,37,0.15,0.13,0.55,2.14,1.01
16,39,0.36,0.06,0.35,0.31,0.84
16,41,0.11,0.15,0.57,1.62,1.88
16,43,0.22,0.05,0.7,0.87,0.47
16,45,0.25,0.08,0.49,0.31,0.97
16,47,0.67,0.1,0.41,0.22,0.71
16,49,0.31,0.29,0.84,0.82,0.47
16,51,0.14,0.05,0.79,0.6,0.54
16,53,0.25,0.08,0.37,0.4,1.71
16,55,0.21,0.17,0.94,0.99,0.99
16,57,0.35,0.31,0.49,0.34,0.61
16,59,0.37,0.18,0.8,0.63,2.41
16,61,1.13,1.42,0.72,0.56,1.63
16,63,0.88,0.11,0.59,0.32,0.37
16,65,0.1,0.08,0.45,0.67,1.01
16,67,0.39,0.13,0.4,0.99,1.18
16,69,0.2,0.11,0.73,1.05,1.21
16,71,0.31,0.1,0.29,0.24,0.47
16,73,0.37,0.07,0.34,0.15,0.21
16,75,0.14,0.12,0.56,1.6,0.69
16,77,0.9,0.11,0.29,0.34,2.03
16,79,0.2,0.17,0.92,1.14,0.71
16,81,0.25,0.11,0.86,0.43,0.61
16,83,0.25,0.15,0.7,0.96,1.8
16,85,0.41,0.18,1.21,0.62,0.58
16,87,0.26,0.07,0.32,0.19,0.53
17,1,0.25,0.24,1.33,0.44,5.0
17,3,0.32,0.52,1.48,0.81,0.53
17,5,1.38,0.16,1.95,0.43,0.99
17,7,0.34,0.16,1.09,0.25,21.8
17,9,0.26,0.99,2.35,0.67,1.88
17,11,1.09,0.19,0.69,0.42,0.53
17,13,0.41,0.5,1.58,0.52,0.66
17,15,0.25,0.23,1.4,0.78,0.83
17,17,0.45,0.22,0.91,1.12,0.85
17,19,0.16,0.19,1.03,0.46,1.18
17,21,0.45,1.85,0.68,0.9,0.92
17,23,0.51,0.65,0.84,1.99,0.42
17,25,0.53,1.67,0.93,1.04,21.8
17,27,0.26,0.17,1.43,0.35,1.96
17,29,0.23,0.24,1.1,0.85,0.77
17,31,0.34,0.46,1.61,0.88,1.38
17,33,0.39,7.03,1.53,2.82,0.49
17,35,0.17,0.71,2.22,0.31,1.02
17,37,0.3,0.47,0.74,1.35,1.5
17,39,2.73,0.41,1.43,0.93,0.55
17,41,0.31,0.18,1.47,0.77,2.28
17,43,0.36,0.53,2.01,1.07,1.63
17,45,0.35,0.18,0.76,0.67,13.12
17,47,0.5,1.58,12.94,1.46,45.98
17,49,0.29,0.38,1.97,0.41,3.99
17,51,0.37,0.88,0.9,0.71,0.87
17,53,0.63,0.36,1.24,1.87,0.85
17,55,0.14,0.54,0.77,0.34,1.1
17,57,0.21,0.21,0.76,0.87,0.6
17,59,1.39,1.62,1.36,0.67,0.83
17,61,0.24,0.22,0.77,0.33,0.68
17,63,0.31,0.26,1.47,2.21,0.96
17,65,0.79,0.69,0.82,1.45,0.69
17,67,0.22,0.23,0.77,0.85,0.65
17,69,0.51,0.82,2.29,1.29,1.24
17,71,0.23,0.39,1.03,0.99,0.69
17,73,0.54,0.22,0.99,0.55,3.66
17,75,0.39,0.23,0.89,0.46,1.02
17,77,0.22,0.36,0.99,0.25,0.7
17,79,0.52,2.31,1.08,4.03,1.31
17,81,0.24,0.64,1.08,0.89,1.6
17,83,0.38,0.23,0.92,0.87,0.53
17,85,0.28,0.39,1.69,1.06,4.61
17,87,0.26,0.38,1.13,0.46,0.86
17,89,0.24,0.29,1.14,0.35,0.99
17,91,0.32,0.13,0.8,0.51,1.7
17,93,0.12,0.1,0.54,0.25,0.46
17,95,0.3,0.17,0.76,1.97,1.7
17,97,0.32,0.39,1.26,0.78,1.07
17,99,0.25,0.19,0.84,0.91,1.39
17,101,0.79,3.66,0.83,0.88,13.99
17,103,0.27,0.16,0.99,0.34,3.07
17,105,0.4,0.21,1.28,0.54,1.69
17,107,0.27,0.59,2.48,1.06,0.75
17,109,0.29,2.33,1.34,0.83,0.77
17,111,0.31,0.2,1.02,0.63,1.03
17,113,0.12,0.16,0.91,0.45,1.37
17,115,0.23,1.49,1.54,0.7,1.17
17,117,0.16,0.13,0.65,0.52,0.95
17,119,0.23,0.96,1.31,1.02,1.09
17,121,0.32,0.75,0.94,1.81,6.37
17,123,0.23,0.31,1.04,0.32,0.54
17,125,0.71,1.4,0.73,0.35,0.91
17,127,0.17,4.05,0.85,0.8,0.7
17,129,0.3,0.24,1.02,0.94,0.59
17,131,0.2,0.18,0.7,0.28,0.59
17,133,0.15,0.16,0.78,0.39,0.8
17,135,0.5,1.98,1.13,0.71,1.49
17,137,0.27,0.76,1.01,0.45,0.81
17,139,0.45,0.35,1.26,0.52,0.62
17,141,0.24,0.23,0.95,0.84,1.06
17,143,0.31,0.6,1.77,1.13,0.97
17,145,0.16,0.21,0.79,0.26,0.98
17,147,0.37,0.17,0.73,0.32,0.52
17,149,0.55,0.23,0.91,0.66,0.78
17,151,0.28,0.61,1.71,0.65,0.88
17,153,1.24,0.84,2.98,0.68,1.86
17,155,2.02,0.78,2.85,0.56,0.58
17,157,0.24,1.52,1.21,0.6,1.06
17,159,0.25,1.55,1.05,1.24,1.2
17,161,0.22,0.73,1.15,0.53,1.53
17,163,0.2,0.52,1.16,0.41,1.1
17,165,0.35,0.78,1.43,1.35,0.69
17,167,0.4,0.24,1.28,0.58,1.07
17,169,0.36,0.36,1.58,0.62,0.98
17,171,0.79,0.48,2.11,2.75,0.66
17,173,0.22,0.23,0.76,0.95,0.74
17,175,1.3,0.58,2.82,0.61,0.54
17,177,0.38,0.37,1.91,0.54,1.12
17,179,0.32,0.68,1.45,0.41,1.1
17,181,0.77,0.22,0.74,0.97,0.96
17,183,0.25,0.19,0.66,0.52,2.66
17,185,0.4,1.33,1.27,1.35,2.49
17,187,0.43,0.25,0.82,0.61,0.94
17,189,0.29,0.82,4.68,0.46,13.86
17,191,0.45,2.61,0.84,1.23,3.51
17,193,0.46,2.13,1.04,0.76,0.78
17,195,0.26,0.17,1.06,0.4,1.47
17,197,0.18,0.54,1.01,0.81,1.02
17,199,0.14,0.9,2.27,0.62,5.16
17,201,0.21,0.18,1.09,0.85,1.99
17,203,0.33,0.24,1.11,0.61,0.76
18,1,0.28,0.78,1.0,0.5,13.61
18,3,0.62,0.27,2.03,0.79,5.04
18,5,0.34,0.18,3.48,1.17,13.48
18,7,1.02,0.08,1.22,0.72,1.51
18,9,0.4,0.07,0.7,0.73,1.08
18,11,0.39,0.08,1.9,1.1,2.75
18,13,0.19,0.06,0.91,0.35,0.36
18,15,0.44,0.07,1.01,0.4,0.59
18,17,0.4,0.07,1.84,0.81,5.13
18,19,0.25,0.12,1.44,0.59,1.92
18,21,0.33,0.16,1.22,0.53,12.8
18,23,0.28,0.03,0.63,0.21,1.91
18,25,0.24,0.06,0.68,0.36,9.52
18,27,0.48,0.12,3.93,0.85,1.38
18,29,0.21,0.54,0.72,0.37,0.72
18,31,0.31,2.46,4.09,1.2,29.75
18,33,0.57,0.4,2.2,0.86,5.39
18,35,0.28,0.15,1.21,0.62,3.23
18,37,0.38,0.15,1.52,0.77,6.66
18,39,0.34,0.25,1.76,0.61,31.84
18,41,0.27,0.07,3.01,1.13,7.31
18,43,0.37,0.26,1.54,0.58,1.48
18,45,0.51,0.07,3.15,0.85,10.07
18,47,0.16,0.05,0.61,0.2,5.55
18,49,0.45,0.31,2.05,0.82,2.23
18,51,0.36,11.61,1.09,0.79,40.59
18,53,0.27,0.11,0.91,0.33,5.63
18,55,0.3,0.07,1.01,0.94,2.37
18,57,0.46,0.17,1.68,0.97,1.5
18,59,0.52,0.43,1.64,0.65,3.3
18,61,0.22,0.09,0.61,0.71,2.28
18,63,0.23,0.11,1.11,1.29,2.25
18,65,0.24,0.04,0.66,0.78,2.97
18,67,0.29,0.1,1.17,0.84,30.59
18,69,0.41,0.31,2.98,1.4,5.02
18,71,0.36,0.08,1.32,1.31,16.42
18,73,0.72,0.6,1.58,1.86,3.9
18,75,0.27,0.05,1.08,0.79,13.94
18,77,0.2,3.3,2.02,0.62,8.74
18,79,0.39,0.45,1.51,0.61,2.71
18,81,0.29,0.34,1.36,0.6,2.91
18,83,0.71,0.36,2.25,2.35,5.46
18,85,0.28,0.1,0.94,0.35,1.8
18,87,0.39,0.12,1.14,0.65,13.66
18,89,0.35,1.23,1.63,0.6,1.81
18,91,0.41,0.18,1.89,0.82,1.47
18,93,0.42,0.5,1.55,0.7,0.84
18,95,0.27,0.05,1.1,0.35,2.69
18,97,0.51,0.25,2.48,1.08,2.36
18,99,0.42,0.08,1.41,1.05,4.05
18,101,0.78,0.61,2.89,1.13,1.15
18,103,0.32,0.22,1.1,0.59,1.21
18,105,0.29,0.61,1.2,0.53,1.03
18,107,0.4,0.1,0.89,0.6,1.94
18,109,0.3,0.55,0.93,2.23,2.85
18,111,0.56,0.05,1.01,0.67,1.15
18,113,0.27,0.48,3.21,1.06,14.25
18,115,0.23,0.08,0.95,0.66,0.48
18,117,0.43,0.29,2.22,1.68,0.98
18,119,0.22,0.05,0.64,0.28,0.48
18,121,0.35,0.05,0.77,0.83,0.68
18,123,0.47,0.11,0.91,0.85,9.21
18,125,0.3,8.58,1.33,1.16,0.67
18,127,0.36,0.11,1.52,0.83,1.67
18,129,0.6,3.03,1.54,0.8,0.87
18,131,0.7,0.08,1.71,0.67,11.2
18,133,0.38,1.82,1.35,0.5,3.02
18,135,0.45,0.15,1.56,1.0,6.03
18,137,0.46,0.04,1.09,0.97,1.41
18,139,0.32,0.07,2.03,1.11,0.89
18,141,0.48,0.07,1.45,0.64,3.56
18,143,0.37,0.18,1.2,0.48,2.91
18,145,0.4,1.08,1.33,0.68,3.65
18,147,0.45,3.14,0.87,0.6,1.04
18,149,0.52,0.1,0.82,0.41,3.96
18,151,0.42,0.08,0.96,0.8,6.72
18,153,0.45,2.92,0.86,1.29,5.04
18,155,0.25,0.05,0.6,0.42,1.72
18,157,0.3,0.09,1.26,0.43,9.44
18,159,1.23,0.06,1.02,0.42,3.09
18,161,0.27,0.07,1.32,1.19,0.52
18,163,0.57,0.24,2.13,1.7,2.08
18,165,0.61,1.52,2.26,2.71,0.54
18,167,0.35,0.27,1.46,0.68,4.07
18,169,0.55,0.23,1.16,0.9,3.03
18,171,1.33,1.01,1.5,1.29,0.62
18,173,0.32,0.36,1.12,1.09,1.23
18,175,0.25,0.04,0.8,0.39,0.75
18,177,0.56,0.04,1.18,0.31,3.12
18,179,0.52,0.89,1.61,0.62,6.83
18,181,0.63,0.15,1.96,1.48,5.05
18,183,0.27,0.04,0.97,0.99,5.49
19,1,0.85,0.28,0.89,2.43,1.1
19,3,1.49,0.35,1.02,1.75,0.8
19,5,0.8,2.35,0.82,0.56,0.66
19,7,0.12,0.23,0.86,0.86,0.7
19,9,0.37,0.55,1.69,1.11,0.97
19,11,0.71,0.19,0.66,0.45,0.64
19,13,0.54,0.39,1.12,0.42,1.54
19,15,0.75,0.31,1.14,1.82,0.68
19,17,0.24,0.15,0.66,0.44,2.0
19,19,0.66,0.17,0.93,0.42,0.58
19,21,0.95,0.3,0.73,1.09,0.81
19,23,0.56,0.2,0.61,1.15,0.53
19,25,0.43,0.29,0.86,2.62,0.79
19,27,0.5,0.28,1.35,0.96,1.86
19,29,0.49,0.32,1.62,0.87,4.25
19,31,1.06,0.34,0.96,0.78,2.01
19,33,0.63,0.36,1.33,1.03,1.69
19,35,0.71,1.03,1.22,1.27,0.93
19,37,0.57,0.28,1.37,0.75,1.94
19,39,0.21,0.97,0.64,1.61,0.69
19,41,0.53,0.56,1.6,0.94,4.02
19,43,0.26,0.2,1.62,0.55,2.71
19,45,1.06,0.55,0.8,0.54,0.75
19,47,0.47,0.19,0.8,1.08,1.21
19,49,0.51,0.27,0.73,0.28,0.59
19,51,0.15,0.32,0.71,2.11,0.91
19,53,0.4,0.22,0.73,0.71,0.44
19,55,0.6,0.18,0.89,0.82,3.67
19,57,0.58,0.89,1.48,1.07,3.91
19,59,0.53,0.24,1.2,1.42,1.05
19,61,0.56,0.49,1.6,0.95,2.11
19,63,0.24,0.4,1.4,0.73,0.89
19,65,0.42,0.73,1.05,0.88,0.62
19,67,0.38,0.61,0.84,0.79,4.19
19,69,0.45,0.36,1.23,1.72,1.16
19,71,0.8,0.22,0.72,0.79,4.85
19,73,0.68,0.38,1.44,0.89,5.17
19,75,0.75,0.19,1.82,1.02,0.78
19,77,0.54,0.43,1.12,1.09,0.73
19,79,0.75,0.22,1.0,0.76,0.74
19,81,1.31,0.54,0.65,1.58,39.72
19,83,0.8,0.51,1.42,0.68,0.86
19,85,0.44,0.14,0.54,0.96,2.79
19,87,0.83,1.68,1.2,0.99,2.93
19,89,0.86,0.21,1.67,1.76,17.36
19,91,0.29,0.22,1.35,2.57,4.77
19,93,1.15,0.22,1.37,1.68,4.61
19,95,1.59,0.19,0.84,0.44,4.07
19,97,0.54,0.39,0.76,0.48,1.34
19,99,2.37,0.73,1.52,1.09,0.72
19,101,1.31,0.38,1.15,0.81,1.07
19,103,0.38,0.23,0.82,0.46,1.54
19,105,0.96,0.24,1.01,1.1,0.81
19,107,0.36,0.43,0.76,1.15,0.99
19,109,0.56,0.31,1.08,0.62,4.0
19,111,1.67,0.63,2.14,2.56,0.72
19,113,0.46,1.19,1.53,0.94,1.74
19,115,0.18,0.14,0.5,1.15,0.78
19,117,0.39,2.74,1.04,0.8,0.8
19,119,0.51,0.42,1.08,0.71,1.56
19,121,0.49,0.21,1.05,0.71,1.14
19,123,0.41,0.23,0.97,0.64,1.97
19,125,0.43,0.17,0.92,0.66,1.0
19,127,0.77,0.29,1.97,3.0,0.85
19,129,0.29,0.17,0.6,0.69,0.83
19,131,0.63,0.28,0.9,0.83,0.71
19,133,0.61,0.21,0.92,0.98,0.46
19,135,0.44,0.37,0.93,1.75,0.39
19,137,1.53,0.26,0.92,1.37,1.56
19,139,0.48,1.39,1.2,0.84,1.15
19,141,2.79,0.45,1.29,3.03,2.87
19,143,1.2,0.57,0.91,1.1,1.01
19,145,0.36,0.2,1.37,0.95,3.02
19,147,1.12,0.26,1.04,1.09,1.03
19,149,0.53,0.17,0.73,0.99,2.21
19,151,0.49,0.38,2.07,0.93,2.05
19,153,0.53,0.52,1.8,0.87,2.48
19,155,0.58,0.42,1.29,1.12,1.72
19,157,1.32,0.26,1.44,0.84,3.02
19,159,0.44,0.45,1.59,1.95,1.36
19,161,0.46,0.32,1.28,1.11,0.69
19,163,0.48,0.39,1.62,0.77,1.69
19,165,0.49,0.28,1.19,1.4,1.0
19,167,1.12,0.46,1.93,1.16,1.95
19,169,0.76,0.37,0.9,0.47,1.0
19,171,0.35,0.13,0.88,0.55,1.86
19,173,0.43,0.47,0.93,1.0,1.5
19,175,0.26,0.64,0.86,0.94,0.96
19,177,1.09,0.25,3.05,1.41,0.63
19,179,0.19,0.78,0.88,1.09,0.71
19,181,0.2,0.18,0.74,0.48,0.51
19,183,0.36,0.24,1.51,0.7,0.81
19,185,0.33,0.32,1.01,1.43,1.9
19,187,0.7,0.31,1.52,1.07,2.12
19,189,0.45,0.37,2.17,1.5,4.04
19,191,0.68,0.28,1.2,0.9,0.93
19,193,0.46,1.04,1.69,3.23,1.93
19,195,1.14,0.34,0.98,1.19,1.03
19,197,0.72,0.21,0.92,1.12,5.57
20,1,0.1,1.25,1.7,1.3,6.63
20,3,0.11,0.93,0.7,0.47,0.16
20,5,0.14,0.86,0.99,0.79,0.29
20,7,0.28,9.34,0.43,1.5,0.54
20,9,0.25,2.81,1.03,1.87,1.37
20,11,0.08,0.85,1.46,0.83,0.57
20,13,0.34,0.36,0.32,0.6,0.64
20,15,0.16,2.23,0.93,1.77,0.37
20,17,0.16,0.39,0.54,0.44,0.5
20,19,0.39,2.68,0.46,3.25,0.74
20,21,0.15,0.83,1.38,0.7,0.53
20,23,0.45,1.22,0.71,1.27,0.47
20,25,0.18,1.3,0.56,1.54,0.53
20,27,0.35,0.41,0.6,1.44,0.75
20,29,0.21,0.96,0.92,1.13,0.83
20,31,1.96,1.52,0.64,0.82,0.3
20,33,0.34,3.55,0.69,1.29,0.61
20,35,0.66,0.78,0.54,0.37,0.69
20,37,0.14,0.73,0.63,1.23,0.53
20,39,0.43,0.84,0.75,1.18,0.45
20,41,0.17,0.49,0.67,1.66,0.46
20,43,0.36,0.82,0.79,0.61,3.33
20,45,0.23,0.93,0.77,0.43,0.81
20,47,0.84,1.06,1.26,4.81,0.42
20,49,0.25,2.85,0.55,0.63,0.5
20,51,0.14,2.8,0.81,0.65,1.55
20,53,0.42,0.84,0.64,0.78,0.43
20,55,0.26,3.22,0.93,1.58,0.89
20,57,0.2,0.78,0.9,1.41,1.05
20,59,0.41,1.1,0.85,0.6,0.71
20,61,0.12,0.58,0.68,0.6,2.09
20,63,0.62,1.49,0.59,0.75,2.99
20,65,0.42,4.27,1.07,1.94,1.12
20,67,0.39,17.55,0.94,7.13,1.64
20,69,1.18,1.0,1.38,2.01,0.31
20,71,0.5,1.43,0.7,1.74,2.52
20,73,0.13,3.7,0.4,0.42,0.23
20,75,0.72,3.75,0.34,0.65,0.38
20,77,0.39,4.9,1.26,3.48,1.39
20,79,0.14,0.58,0.95,0.58,0.63
20,81,0.65,4.38,0.76,1.0,0.31
20,83,0.55,0.51,0.45,1.05,0.56
20,85,0.08,0.53,0.49,0.36,0.45
20,87,0.24,0.95,0.87,3.04,1.03
20,89,0.25,0.43,0.48,4.55,0.92
20,91,0.5,1.77,1.64,1.63,0.95
20,93,0.79,1.13,0.37,2.63,0.31
20,95,0.41,4.58,1.22,3.76,3.64
20,97,0.96,1.76,1.51,3.35,0.47
20,99,0.24,1.54,1.2,1.27,0.86
20,101,0.54,1.95,0.74,7.95,0.74
20,103,0.12,0.58,0.65,0.45,0.47
20,105,1.56,1.31,1.07,1.12,0.34
20,107,0.21,10.22,0.8,1.25,0.53
20,109,0.35,1.27,0.36,0.62,0.34
20,111,0.18,0.74,0.76,0.71,1.21
20,113,0.23,3.82,1.17,2.6,0.78
20,115,0.13,0.54,0.51,0.52,1.73
20,117,0.24,0.97,0.79,1.62,16.28
20,119,0.24,1.62,0.76,5.72,0.45
20,121,0.14,1.66,0.91,1.0,0.52
20,123,0.4,0.86,1.44,1.02,1.02
20,125,0.32,3.01,0.5,1.21,2.84
20,127,0.28,0.32,0.47,1.08,0.2
20,129,0.75,5.28,0.8,1.48,0.98
20,131,0.19,0.55,1.05,0.67,0.8
20,133,0.22,5.15,1.16,0.69,1.31
20,135,0.26,10.77,0.65,1.36,1.99
20,137,0.31,0.72,0.78,3.73,0.64
20,139,0.16,0.33,0.28,0.19,0.27
20,141,0.24,1.7,0.69,1.16,0.39
20,143,0.2,0.48,0.44,0.83,0.54
20,145,0.41,0.91,0.99,0.78,0.24
20,147,0.56,1.54,0.67,1.18,1.42
20,149,0.19,3.26,0.97,2.99,0.56
20,151,0.85,4.79,0.81,1.06,0.81
20,153,0.4,0.61,0.6,1.54,0.38
20,155,0.26,0.85,0.86,0.64,1.06
20,157,0.5,0.99,0.88,0.45,1.65
20,159,0.35,1.39,0.39,1.0,1.0
20,161,0.19,0.71,1.04,0.67,0.31
20,163,0.26,3.95,0.75,1.0,3.26
20,165,0.75,2.11,0.95,0.93,0.55
20,167,0.32,4.11,0.62,1.66,0.39
20,169,0.27,1.02,1.29,1.0,2.3
20,171,0.53,0.91,0.73,2.16,0.57
20,173,0.22,1.29,1.44,1.03,1.14
20,175,0.35,4.85,0.59,1.35,1.54
20,177,0.21,0.98,1.21,1.29,1.11
20,179,0.45,1.11,1.14,0.98,0.6
20,181,0.27,0.8,0.64,1.13,2.35
20,183,0.35,0.51,0.62,0.42,1.54
20,185,0.59,1.51,0.63,1.4,0.39
20,187,1.07,0.93,0.79,1.14,0.62
20,189,0.87,2.38,0.9,1.16,0.47
20,191,0.18,0.49,0.35,0.52,0.66
20,193,0.42,0.71,1.0,1.8,2.48
20,195,0.2,2.5,0.57,5.6,0.78
20,197,0.11,0.53,0.62,0.25,0.45
20,199,1.22,0.76,0.81,1.86,1.24
20,201,0.4,0.46,0.67,1.49,1.79
20,203,1.19,0.83,0.47,1.77,1.11
20,205,0.37,2.11,0.68,2.01,0.23
20,207,0.31,2.61,0.39,0.61,0.37
20,209,0.17,0.99,1.24,0.86,6.3
21,1,0.1,0.43,0.9,0.54,0.39
21,3,0.11,0.05,0.31,0.24,8.55
21,5,0.08,0.13,0.55,0.55,0.91
21,7,0.2,0.45,2.16,2.09,0.28
21,9,0.15,0.3,1.62,1.21,8.18
21,11,0.05,0.13,1.02,0.86,0.36
21,13,0.31,0.44,0.58,1.08,1.22
21,15,0.09,0.38,0.94,1.22,6.79
21,17,0.58,0.15,2.49,0.9,7.11
21,19,0.22,3.27,2.39,3.0,1.02
21,21,0.15,0.2,1.29,2.16,2.03
21,23,0.2,0.08,0.36,0.33,0.5
21,25,0.11,0.14,0.48,0.64,2.09
21,27,0.18,0.51,0.69,0.79,0.81
21,29,0.04,0.15,0.73,0.67,1.72
21,31,0.17,0.45,0.4,0.52,10.25
21,33,0.4,0.2,0.53,0.68,0.77
21,35,0.14,0.22,1.04,0.49,2.35
21,37,0.05,0.18,0.84,0.46,1.08
21,39,0.64,0.14,2.1,2.56,0.45
21,41,0.13,2.03,5.24,2.22,1.03
21,43,0.13,0.17,0.54,1.22,0.39
21,45,0.13,0.04,0.37,0.26,0.42
21,47,0.26,0.32,1.36,0.8,11.13
21,49,0.13,0.77,1.08,1.01,1.07
21,51,0.14,0.13,0.55,0.56,0.85
21,53,0.23,0.44,0.73,1.0,0.65
21,55,0.08,0.16,0.42,0.48,0.59
21,57,0.18,1.14,0.42,1.81,5.28
21,59,0.22,0.27,1.14,1.83,2.23
21,61,0.07,0.26,0.7,0.44,1.46
21,63,0.72,0.11,0.43,0.35,0.19
21,65,0.1,0.44,0.39,0.38,0.47
21,67,0.12,0.44,1.95,1.37,1.64
21,69,0.1,0.09,0.45,1.41,5.18
21,71,0.21,0.96,1.25,2.98,2.83
21,73,0.11,0.26,1.6,0.96,5.97
21,75,0.62,0.35,0.63,0.97,1.95
21,77,0.29,0.09,0.4,1.55,14.93
21,79,0.07,0.2,0.78,0.48,0.15
21,81,0.06,0.23,0.54,0.36,3.94
21,83,0.23,0.17,0.75,2.34,0.79
21,85,0.17,0.16,0.86,0.61,0.54
21,87,0.1,0.09,0.39,0.25,0.21
21,89,0.11,0.19,0.57,0.83,0.41
21,91,0.11,0.19,0.82,3.87,0.28
21,93,0.11,0.19,0.78,0.81,8.51
21,95,0.36,0.24,0.91,0.74,0.68
21,97,0.04,0.12,0.64,0.59,0.86
21,99,0.09,0.13,0.27,0.26,0.62
21,101,0.23,0.38,0.99,1.76,3.29
21,103,0.09,0.07,0.42,0.29,1.53
21,105,1.59,0.22,0.87,0.42,0.87
21,107,0.17,1.26,1.32,2.04,2.62
21,109,0.14,0.09,0.33,3.75,0.24
21,111,0.11,0.55,1.72,1.28,5.57
21,113,0.1,0.17,1.09,0.88,0.97
21,115,0.21,0.56,0.87,2.21,0.6
21,117,0.07,0.33,1.08,0.75,1.12
21,119,0.29,0.38,0.83,0.77,0.31
21,121,0.09,0.26,0.82,1.23,1.01
21,123,0.15,0.14,1.41,1.04,3.45
21,125,0.13,0.28,0.94,0.61,6.28
21,127,0.19,0.47,0.7,2.58,0.78
21,129,0.25,2.55,0.53,1.33,0.43
21,131,0.34,0.49,0.88,0.83,0.24
21,133,0.22,0.22,0.58,0.58,0.48
21,135,0.11,0.1,0.53,0.47,0.72
21,137,0.07,0.16,0.73,0.62,3.16
21,139,0.2,0.11,1.68,1.03,0.28
21,141,0.41,0.3,1.23,0.75,4.6
21,143,0.06,0.22,1.06,0.78,0.33
21,145,0.03,0.58,2.63,2.57,2.08
21,147,0.16,0.21,0.35,1.3,0.21
21,149,0.3,0.35,0.42,0.31,1.45
21,151,0.06,0.18,0.89,0.68,6.33
21,153,0.35,0.75,1.3,1.17,1.23
21,155,0.29,3.19,1.22,0.68,14.96
21,157,0.11,0.32,2.31,1.1,1.85
21,159,0.28,0.36,0.62,0.62,0.32
21,161,0.2,4.69,1.11,1.72,9.06
21,163,0.08,0.21,0.8,1.42,0.69
21,165,0.25,0.14,0.6,0.71,0.7
21,167,0.11,2.08,1.17,0.88,14.45
21,169,0.21,0.07,0.22,0.61,9.2
21,171,0.17,0.16,0.85,0.5,0.47
21,173,0.07,1.63,1.77,1.12,7.71
21,175,0.15,0.2,1.3,1.59,1.23
21,177,0.23,0.25,0.86,1.05,0.67
21,179,0.15,0.19,1.47,0.87,7.57
21,181,0.05,0.08,0.34,0.27,0.44
21,183,0.25,0.63,1.52,0.73,8.75
21,185,0.08,0.17,0.88,0.5,1.02
21,187,0.15,0.21,0.2,2.0,0.17
21,189,0.26,0.22,0.89,0.96,0.35
21,191,0.03,0.24,0.67,0.54,0.19
21,193,0.25,0.3,0.75,0.9,0.87
21,195,0.24,1.12,1.17,1.47,0.85
21,197,0.08,0.11,0.7,1.12,0.31
21,199,0.15,0.72,0.92,1.32,8.13
21,201,0.09,0.28,1.08,2.13,0.46
21,203,0.06,0.1,0.45,0.27,0.99
21,205,0.08,0.15,0.7,0.7,2.07
21,207,0.16,0.13,0.76,0.69,11.84
21,209,0.07,0.53,0.47,0.35,32.3
21,211,0.14,0.14,0.99,0.99,9.31
21,213,0.15,0.26,0.89,0.39,12.0
21,215,0.05,0.07,0.28,0.19,0.38
21,217,0.08,0.29,0.9,1.99,1.92
21,219,0.4,0.08,0.56,1.09,2.0
21,221,0.54,0.12,1.02,0.48,3.68
21,223,0.08,0.08,0.38,5.48,0.24
21,225,0.51,0.5,0.54,1.32,2.43
21,227,0.12,0.88,1.96,1.11,7.46
21,229,0.2,0.13,1.96,0.87,15.69
21,231,0.36,0.16,0.31,0.34,0.39
21,233,0.44,6.09,1.31,1.06,0.4
21,235,0.17,0.22,0.58,0.95,1.26
21,237,0.18,0.38,0.48,0.38,0.51
21,239,0.18,0.15,0.85,1.24,0.44
22,1,0.19,2.0,0.56,3.82,0.49
22,3,0.23,0.43,0.2,0.83,0.38
22,5,0.13,2.61,1.21,4.03,0.87
22,7,0.33,1.59,0.43,1.6,0.32
22,9,0.28,1.03,0.52,1.0,0.56
22,11,0.53,0.63,0.37,0.93,0.82
22,13,0.73,2.84,0.25,2.17,0.23
22,15,0.17,2.77,0.62,1.04,0.86
22,17,0.27,3.22,1.05,1.61,1.16
22,19,0.14,3.21,1.02,3.27,0.75
22,21,0.34,1.29,0.34,2.93,0.53
22,23,0.5,9.17,12.53,5.55,0.52
22,25,0.28,1.73,0.29,2.45,0.62
22,27,0.31,7.39,0.44,1.81,0.43
22,29,0.35,2.11,0.52,0.8,0.82
22,31,1.01,6.69,0.34,1.42,0.32
22,33,0.21,3.16,2.09,4.5,1.09
22,35,0.92,1.42,0.46,0.87,0.38
22,37,0.2,0.89,0.23,1.6,0.57
22,39,0.13,6.66,0.34,0.45,0.45
22,41,0.21,0.75,0.26,1.15,0.51
22,43,0.13,0.49,0.25,0.44,0.08
22,45,0.32,9.92,0.92,3.21,1.13
22,47,0.26,4.4,1.42,3.31,0.63
22,49,0.4,0.92,0.34,0.77,0.41
22,51,0.36,1.76,1.17,1.25,1.2
22,53,0.15,2.76,0.59,1.26,0.47
22,55,0.07,13.55,1.14,2.01,1.18
22,57,0.06,4.65,0.58,1.74,0.51
22,59,0.58,7.06,0.31,1.21,0.62
22,61,0.2,1.8,0.8,1.15,1.05
22,63,0.08,0.36,0.45,0.48,1.02
22,65,0.3,0.79,0.43,0.77,0.21
22,67,0.21,0.49,0.37,1.14,0.41
22,69,0.29,0.85,0.77,1.3,0.5
22,71,0.18,2.83,1.1,1.02,0.5
22,73,0.2,1.52,1.06,1.41,1.27
22,75,0.45,19.6,1.24,3.66,3.51
22,77,0.17,1.7,0.32,0.79,0.36
22,79,0.35,1.31,1.05,1.24,1.34
22,81,0.27,2.83,0.62,1.37,0.21
22,83,0.26,0.93,0.68,1.04,0.44
22,85,0.54,0.7,0.45,0.74,1.99
22,87,0.13,4.6,0.77,0.73,0.51
22,89,0.15,7.66,1.51,6.48,1.57
22,91,0.1,2.08,1.01,2.24,0.16
22,93,0.34,9.46,0.57,1.06,1.29
22,95,0.11,6.38,0.89,1.24,0.48
22,97,0.21,2.53,0.67,1.11,0.6
22,99,0.14,6.14,0.54,1.0,0.36
22,101,0.29,18.11,0.97,1.84,1.1
22,103,0.19,2.19,0.78,1.0,0.85
22,105,0.12,0.61,0.39,0.87,1.01
22,107,0.73,1.15,0.85,1.0,0.46
22,109,0.26,16.19,0.94,2.76,1.52
22,111,0.36,0.59,0.45,0.84,0.19
22,113,0.25,5.36,0.43,0.77,0.46
22,115,0.32,2.74,1.34,1.25,0.95
22,117,0.17,0.46,0.48,1.03,0.19
22,119,0.28,3.43,0.68,2.56,1.29
22,121,0.17,5.15,1.79,4.58,1.53
22,123,0.64,0.67,0.43,1.51,0.77
22,125,0.12,0.56,0.55,3.01,0.14
22,127,1.47,1.92,0.24,0.68,0.38
23,1,0.31,0.35,1.16,0.48,1.11
23,3,0.63,0.19,0.71,0.44,1.05
23,5,0.57,0.54,1.86,0.51,1.3
23,7,0.47,0.27,0.83,0.61,0.69
23,9,0.55,0.9,1.75,0.25,1.04
23,11,0.3,0.3,1.12,0.53,1.25
23,13,0.21,0.3,1.28,0.4,0.92
23,15,0.2,0.24,1.08,0.28,0.68
23,17,0.31,0.23,0.69,0.27,0.58
23,19,0.48,0.43,1.19,0.52,1.55
23,21,0.46,0.29,0.8,0.62,0.45
23,23,0.2,0.2,1.4,0.34,0.53
23,25,0.54,0.22,1.61,0.77,0.8
23,27,0.67,0.19,0.73,0.35,0.59
23,29,0.32,0.23,0.7,0.92,0.54
23,31,0.19,0.2,0.79,0.22,0.76
24,1,0.14,0.06,1.5,0.33,0.75
24,3,0.25,0.16,2.12,0.42,1.18
24,5,0.27,0.2,2.46,0.62,1.15
24,9,0.18,0.08,1.46,3.84,0.58
24,11,0.23,0.08,1.62,1.25,1.26
24,13,0.24,0.08,2.26,0.17,0.97
24,15,0.17,0.04,1.3,0.23,0.93
24,17,0.32,0.3,1.9,0.77,0.75
24,19,0.2,0.37,1.54,0.35,0.6
24,21,0.37,0.11,2.59,0.31,1.15
24,23,0.37,0.45,2.02,0.45,1.21
24,25,0.23,0.09,1.86,0.16,0.82
24,27,0.45,0.14,3.13,0.33,0.86
24,29,0.34,0.15,2.36,0.35,0.84
24,31,0.27,0.22,2.31,0.21,0.67
24,33,0.2,0.15,1.91,0.3,0.66
24,35,0.31,0.06,1.49,0.28,0.96
24,37,0.09,0.23,3.71,0.37,0.75
24,39,0.18,0.12,2.21,0.28,0.46
24,41,0.48,0.14,2.71,0.41,1.47
24,43,0.15,0.42,1.68,0.31,1.29
24,45,0.26,0.09,1.8,1.31,1.39
24,47,0.25,0.1,1.97,0.24,1.05
24,510,0.24,0.32,2.55,0.94,0.89
25,1,0.74,0.14,2.0,0.4,0.82
25,3,0.78,0.18,2.44,0.61,0.96
25,5,0.28,0.16,1.36,0.27,1.04
25,7,0.6,0.28,4.16,0.94,0.57
25,9,0.98,0.3,1.8,0.37,0.62
25,11,0.68,0.1,1.29,0.47,0.52
25,13,0.79,0.19,1.59,0.78,0.94
25,15,0.57,0.16,1.0,0.23,0.58
25,17,0.92,0.49,3.05,0.58,0.85
25,19,0.42,0.33,5.64,0.94,0.61
25,21,0.61,0.3,2.5,0.46,1.01
25,23,0.5,0.17,1.77,0.47,0.87
25,25,0.79,0.6,4.16,1.1,0.56
25,27,0.39,0.63,1.57,0.33,0.96
26,1,1.03,0.23,0.83,0.57,1.1
26,3,0.63,0.26,1.32,1.14,1.72
26,5,0.29,0.17,1.14,0.56,1.78
26,7,0.5,0.52,1.54,0.63,1.87
26,9,0.4,0.21,1.09,0.5,1.37
26,11,0.35,0.41,1.1,0.6,3.73
26,13,1.4,1.29,1.86,0.97,1.96
26,15,0.12,0.17,0.78,0.48,2.11
26,17,0.23,0.6,0.89,0.89,2.25
26,19,0.31,0.23,0.95,0.35,0.79
26,21,0.3,0.27,1.17,0.58,2.84
26,23,0.24,0.16,0.82,0.67,2.38
26,25,0.3,0.25,2.98,0.72,11.46
26,27,0.18,0.09,0.46,0.67,0.97
26,29,0.32,0.25,1.65,1.49,1.63
26,31,0.34,0.17,1.48,1.08,1.47
26,33,0.34,0.19,0.83,0.39,0.94
26,35,0.5,0.23,1.1,1.46,3.48
26,37,0.19,0.12,0.98,0.29,1.95
26,39,0.36,0.28,1.55,1.36,1.97
26,41,0.6,0.32,1.11,0.64,2.47
26,43,1.4,0.4,4.33,4.28,2.95
26,45,0.22,0.38,0.76,0.36,8.43
26,47,0.43,0.29,2.42,0.85,1.68
26,49,0.25,0.39,1.07,0.42,4.85
26,51,0.91,0.41,1.14,0.41,1.65
26,53,0.99,0.21,1.01,0.94,1.54
26,55,0.46,0.79,1.89,0.77,1.72
26,57,0.3,0.21,0.67,1.18,4.03
26,59,0.24,0.17,1.74,0.47,12.54
26,61,0.52,0.17,1.71,0.61,1.28
26,63,0.32,0.28,1.18,0.5,1.44
26,65,0.32,0.34,1.33,0.39,3.66
26,67,0.17,0.08,0.62,0.39,6.67
26,69,0.75,0.13,1.28,0.64,5.26
26,71,0.94,0.3,1.53,0.85,1.44
26,73,0.34,0.61,1.64,1.32,2.09
26,75,0.23,0.3,1.25,3.71,5.15
26,77,0.31,0.3,1.71,0.77,3.1
26,79,0.45,5.73,1.28,2.21,1.32
26,81,0.36,0.42,1.98,0.83,5.87
26,83,1.04,0.84,2.76,2.34,5.0
26,85,0.61,0.22,0.69,0.57,1.53
26,87,0.22,0.14,0.94,0.44,4.05
26,89,0.4,0.33,1.74,0.36,0.64
26,91,0.19,0.11,1.18,0.52,5.06
26,93,0.32,0.58,2.23,0.65,5.11
26,95,1.31,0.37,1.53,1.11,2.81
26,97,0.49,0.51,1.69,0.91,1.19
26,99,0.4,0.31,1.88,0.53,7.84
26,101,0.76,0.43,0.9,0.65,1.81
26,103,0.37,0.72,1.31,0.37,1.37
26,105,0.4,1.84,1.04,0.41,1.29
26,107,0.43,0.11,0.7,0.67,4.54
26,109,0.95,0.38,1.17,0.39,1.97
26,111,0.34,0.81,1.55,0.49,0.94
26,113,0.58,0.22,1.05,0.48,1.56
26,115,0.26,1.42,0.88,0.8,2.14
26,117,0.23,0.12,0.64,0.6,3.3
26,119,0.64,0.75,1.92,0.81,1.68
26,121,0.27,0.57,1.08,0.31,2.17
26,123,0.31,0.18,0.73,0.39,3.5
26,125,0.73,0.77,3.63,1.09,5.2
26,127,0.42,0.22,0.72,0.51,5.17
26,129,0.42,0.52,1.2,1.09,1.53
26,131,2.44,0.41,1.97,1.65,2.78
26,133,1.06,0.57,2.92,5.63,2.05
26,135,0.49,0.29,1.22,0.74,9.68
26,137,0.62,2.68,2.41,1.19,5.51
26,139,0.25,0.33,1.21,0.5,4.71
26,141,1.21,0.32,1.04,2.72,1.65
26,143,0.3,0.39,1.16,0.55,8.65
26,145,0.27,1.32,1.62,0.4,8.04
26,147,0.28,1.61,1.28,0.96,4.56
26,149,0.22,0.24,1.37,0.43,14.12
26,151,0.22,0.38,0.81,0.32,1.82
26,153,1.65,0.39,1.93,1.37,2.13
26,155,0.2,0.21,1.22,1.03,3.44
26,157,0.25,0.16,1.19,0.54,4.61
26,159,0.69,1.29,1.18,1.39,1.28
26,161,0.32,0.4,1.44,0.61,3.44
26,163,0.32,0.46,1.66,0.79,8.3
26,165,0.98,0.47,1.52,0.45,4.37
27,1,0.13,0.12,0.94,1.13,0.62
27,3,0.12,0.17,1.53,0.61,1.12
27,5,0.22,0.16,1.14,0.35,0.76
27,7,0.11,0.15,1.31,1.59,0.98
27,9,0.18,0.24,2.14,0.62,0.62
27,11,0.16,0.21,2.61,0.71,0.83
27,13,0.16,0.3,1.48,0.8,1.64
27,15,0.16,0.14,2.49,0.87,0.86
27,17,0.19,0.09,1.52,0.87,1.24
27,19,0.09,0.22,1.48,0.31,0.42
27,21,0.16,0.09,0.85,0.48,1.51
27,23,0.39,0.11,1.42,1.02,1.69
27,25,0.13,0.13,1.18,0.54,1.83
27,27,0.12,0.08,0.66,0.27,0.57
27,29,0.3,0.26,1.19,6.57,10.26
27,31,0.14,0.17,1.54,2.14,0.36
27,33,0.15,0.14,1.01,0.71,0.76
27,35,0.11,0.12,1.55,0.86,0.82
27,37,0.11,0.6,1.14,0.59,1.09
27,39,0.08,0.09,1.0,0.42,1.73
27,41,0.34,0.16,1.59,0.7,0.96
27,43,0.15,0.17,1.59,0.59,1.06
27,45,0.18,0.11,0.81,0.98,0.76
27,47,0.15,0.37,0.9,0.66,1.55
27,49,0.22,0.13,0.9,1.13,1.1
27,51,0.4,0.19,1.6,0.45,0.78
27,53,0.69,0.46,2.47,1.13,1.25
27,55,0.17,0.08,0.95,0.33,1.76
27,57,0.43,0.1,1.11,0.83,0.52
27,59,0.09,0.13,0.73,0.87,0.59
27,61,0.31,1.89,0.93,0.91,0.74
27,63,0.21,0.12,1.22,1.2,1.87
27,65,0.13,0.11,0.91,0.29,0.33
27,67,0.18,0.18,1.69,0.68,1.11
27,69,0.42,0.26,1.31,1.34,1.52
27,71,0.7,0.14,1.04,0.74,0.75
27,73,0.16,0.13,0.81,0.97,0.92
27,75,0.21,1.13,0.61,0.56,1.08
27,77,0.46,0.17,0.82,1.91,1.02
27,79,0.14,0.14,1.36,0.67,0.61
27,81,0.42,0.17,1.1,1.5,0.45
27,83,0.11,0.22,1.09,0.52,0.87
27,85,0.12,0.12,0.9,0.37,0.71
27,87,0.23,0.19,1.2,2.23,0.97
27,89,0.3,0.13,0.91,1.2,0.53
27,91,0.2,0.11,1.14,0.85,1.44
27,93,0.09,0.09,0.81,0.39,2.86
27,95,0.13,0.14,0.8,0.77,0.85
27,97,0.23,0.1,0.94,0.43,1.3
27,99,0.08,0.12,0.92,0.31,0.65
27,101,1.76,0.15,1.5,0.65,0.57
27,103,0.07,0.06,0.87,0.36,1.53
27,105,0.24,0.14,0.89,0.6,1.25
27,107,0.6,0.18,0.98,1.47,0.36
27,109,0.1,0.11,1.2,0.5,0.75
27,111,0.15,0.99,1.03,1.52,1.18
27,113,0.1,0.12,5.33,1.81,2.59
27,115,0.22,0.07,0.52,0.77,0.29
27,117,0.75,0.15,1.5,0.91,0.74
27,119,0.46,0.07,0.84,0.46,2.43
27,121,0.17,0.11,0.91,0.4,0.42
27,123,0.35,0.21,1.55,0.73,1.05
27,125,0.27,0.16,1.62,2.06,0.4
27,127,0.23,0.14,1.06,0.56,1.19
27,129,0.4,0.1,0.67,0.46,0.65
27,131,0.16,0.12,1.37,0.32,0.98
27,133,0.14,0.09,0.7,0.32,0.83
27,135,0.21,0.09,1.3,0.53,0.48
27,137,0.13,0.65,1.34,0.89,0.98
27,139,0.13,0.12,1.06,0.78,0.77
27,141,0.14,1.3,0.92,1.05,0.61
27,143,0.17,0.08,1.07,0.39,1.01
27,145,0.41,0.17,1.57,0.84,2.63
27,147,0.16,0.07,1.16,0.62,1.11
27,149,0.23,0.34,1.65,1.67,0.66
27,151,0.36,0.21,1.64,0.77,1.09
27,153,0.11,0.06,0.4,0.27,0.45
27,155,0.53,0.21,1.25,1.32,0.94
27,157,0.29,0.07,1.59,0.26,3.06
27,159,0.23,0.11,1.24,1.91,0.73
27,161,0.1,0.1,1.0,0.34,0.67
27,163,0.12,0.44,0.71,0.4,0.59
27,165,0.11,0.1,0.94,0.65,0.92
27,167,0.62,0.15,0.92,0.53,0.63
27,169,0.09,0.14,0.88,0.36,0.86
27,171,0.18,0.08,1.16,0.61,0.81
27,173,1.53,0.11,0.77,0.44,0.67
28,1,0.27,1.81,1.28,0.62,0.94
28,3,0.13,0.25,1.16,0.9,0.86
28,5,0.84,0.66,0.64,0.55,0.37
28,7,0.18,1.18,2.21,0.63,0.94
28,9,0.08,0.51,0.84,0.53,3.49
28,11,0.49,2.33,1.71,0.78,2.73
28,13,1.17,0.24,0.37,0.85,0.35
28,15,0.29,0.52,1.18,0.51,0.46
28,17,0.17,0.35,0.74,0.55,0.47
28,19,1.14,1.97,0.43,0.76,1.1
28,21,0.3,0.57,0.83,6.5,0.4
28,23,0.42,2.74,0.38,1.83,0.2
28,25,0.13,0.7,1.3,0.51,0.89
28,27,0.75,0.56,0.72,0.82,0.38
28,29,0.14,0.29,0.77,0.55,0.47
28,31,0.23,1.21,0.86,2.12,1.65
28,33,0.08,0.28,0.77,0.39,1.36
28,35,0.18,1.38,1.85,1.34,1.78
28,37,0.83,0.52,0.84,0.54,1.33
28,39,0.28,1.21,0.94,1.39,0.33
28,41,0.59,1.65,0.43,0.47,0.51
28,43,0.25,0.42,4.89,0.49,3.46
28,45,0.1,1.02,1.14,1.66,0.81
28,47,0.11,0.79,1.25,0.89,0.94
28,49,0.26,0.85,1.5,1.43,1.03
28,51,0.4,0.28,0.39,0.46,0.24
28,53,1.13,0.54,0.92,1.59,0.52
28,55,1.58,2.42,3.52,3.49,1.3
28,57,0.2,0.3,1.11,0.72,5.45
28,59,0.09,3.22,1.56,1.43,0.72
28,61,0.41,1.37,0.81,1.72,0.33
28,63,0.19,0.45,0.77,6.18,0.53
28,65,0.24,0.74,0.66,2.48,0.24
28,67,0.21,5.19,2.2,2.39,1.6
28,69,0.41,2.74,1.0,11.17,0.29
28,71,0.1,0.49,0.92,0.49,0.58
28,73,0.17,0.52,0.75,0.49,0.69
28,75,0.17,1.21,1.41,0.91,1.62
28,77,0.39,0.71,0.28,1.83,0.24
28,79,0.29,0.3,0.26,1.16,0.43
28,81,0.18,0.48,1.75,0.67,3.49
28,83,0.63,0.93,2.57,1.22,0.63
28,85,0.45,0.96,1.28,0.71,3.66
28,87,0.18,1.03,1.5,1.27,4.08
28,89,0.17,1.32,1.97,0.5,14.3
28,91,0.28,3.9,1.58,1.39,1.01
28,93,0.08,0.33,1.2,0.35,2.11
28,95,0.14,0.91,1.22,0.64,2.2
28,97,0.5,0.44,0.79,0.98,0.75
28,99,0.6,0.47,3.06,0.64,0.56
28,101,0.17,0.38,1.0,0.69,0.43
28,103,0.38,0.26,0.54,0.53,1.31
28,105,0.12,0.3,0.83,0.33,0.56
28,107,0.23,1.13,2.36,1.74,3.47
28,109,0.12,0.44,0.47,0.4,0.46
28,111,0.46,0.51,0.4,0.43,0.29
28,113,0.24,0.6,0.92,1.02,1.46
28,115,0.17,0.36,0.47,0.6,0.59
28,117,0.59,0.4,1.02,0.67,0.88
28,119,0.52,0.7,0.57,0.56,0.23
28,121,0.15,0.86,1.42,0.96,2.13
28,123,0.23,0.28,0.9,0.45,2.98
28,125,1.82,1.11,0.94,1.97,0.7
28,127,0.1,0.25,0.52,0.46,1.18
28,129,0.29,0.7,0.37,2.61,0.93
28,131,0.76,0.78,0.77,0.6,0.45
28,133,0.65,0.33,1.14,0.43,0.56
28,135,0.46,0.24,0.47,0.4,1.65
28,137,0.17,0.18,0.24,0.32,0.52
28,139,0.18,0.4,0.69,0.74,0.52
28,141,0.21,0.44,0.81,1.38,8.17
28,143,1.13,0.33,0.93,0.68,0.38
28,145,0.09,0.22,1.4,0.32,11.86
28,147,0.39,0.97,0.66,0.88,0.5
28,149,0.16,1.79,0.94,0.67,0.97
28,151,0.5,0.54,1.27,0.79,1.77
28,153,0.51,1.58,0.72,0.79,0.36
28,155,0.4,0.28,1.01,0.94,0.28
28,157,0.36,0.6,0.65,0.54,0.83
28,159,0.38,0.38,0.73,1.1,0.64
28,161,0.18,0.22,0.62,1.11,8.13
28,163,0.43,1.04,0.57,1.04,0.35
29,1,0.09,0.08,0.85,1.65,1.1
29,3,0.14,0.04,0.52,0.53,0.6
29,5,0.88,0.15,0.85,0.95,2.3
29,7,1.0,0.3,1.63,0.84,2.56
29,9,0.28,0.1,1.28,1.01,2.47
29,11,0.32,0.12,1.19,1.48,0.97
29,13,0.25,0.06,0.81,0.86,0.88
29,15,0.15,0.1,0.94,0.68,0.81
29,17,0.22,0.06,0.62,0.67,0.99
29,19,0.16,0.13,1.24,0.65,1.63
29,21,0.16,0.12,1.03,0.83,1.34
29,23,0.36,0.1,0.96,1.07,2.08
29,25,0.4,0.11,0.83,0.48,1.08
29,27,0.15,0.09,0.72,2.02,0.97
29,29,0.24,0.14,1.06,0.72,1.31
29,31,0.23,0.11,1.06,0.86,2.03
29,33,0.84,0.1,0.62,1.33,0.59
29,35,0.25,0.14,1.3,1.76,1.04
29,37,0.22,0.08,0.74,0.45,0.94
29,39,0.25,0.07,0.65,1.9,1.03
29,41,0.41,0.11,1.17,1.06,1.53
29,43,0.11,0.06,0.79,0.65,1.48
29,45,0.23,0.1,0.56,0.53,2.9
29,47,0.17,0.09,0.91,0.75,9.36
29,49,0.27,0.06,0.46,0.79,0.52
29,51,0.29,0.17,1.72,1.63,1.77
29,53,0.28,0.12,1.04,0.62,1.88
29,55,0.39,0.04,0.53,1.2,1.05
29,57,0.4,0.07,0.53,0.55,1.07
29,59,0.11,0.06,0.35,0.34,0.79
29,61,0.22,0.08,0.74,0.65,4.6
29,63,0.46,0.09,0.78,2.04,1.46
29,65,0.23,0.09,0.74,0.54,0.82
29,67,0.29,0.09,2.81,0.87,0.86
29,69,0.45,0.05,0.67,0.54,3.33
29,71,0.25,0.4,1.58,1.2,2.28
29,73,0.4,0.07,0.65,0.38,1.1
29,75,0.39,0.09,1.68,0.58,1.44
29,77,0.22,0.17,1.51,0.63,4.64
29,79,0.39,0.08,1.1,1.5,2.79
29,81,0.51,0.09,0.52,0.68,0.95
29,83,0.18,2.12,0.7,1.31,0.92
29,85,0.21,0.08,0.57,0.57,0.52
29,87,0.42,0.1,0.67,0.73,0.82
29,89,0.21,0.07,0.45,0.76,0.58
29,91,0.23,0.27,1.17,1.56,3.5
29,93,0.36,0.11,1.13,0.45,1.56
29,95,0.37,0.49,2.12,1.29,2.01
29,97,0.24,0.43,1.14,0.64,4.94
29,99,0.16,0.16,0.63,0.42,1.28
29,101,0.13,0.06,0.55,0.77,0.91
29,103,0.55,0.19,1.04,0.77,2.08
29,105,0.42,0.17,1.97,1.16,3.45
29,107,0.36,0.11,0.97,0.62,1.3
29,109,0.2,0.15,0.75,1.73,1.67
29,111,0.67,0.07,0.55,0.9,1.11
29,113,0.13,0.06,0.63,1.18,1.29
29,115,0.45,0.32,2.19,1.15,1.84
29,117,0.28,0.12,1.59,2.36,2.02
29,119,0.16,0.08,0.55,0.43,0.65
29,121,0.45,0.25,1.15,1.31,1.08
29,123,0.18,0.12,1.39,1.69,1.3
29,125,0.21,0.08,0.61,0.43,1.08
29,127,0.19,0.09,0.95,1.51,2.3
29,129,0.24,0.15,0.88,0.98,1.11
29,131,0.48,0.07,0.83,0.68,4.72
29,133,1.28,0.67,0.43,0.34,3.39
29,135,0.22,0.08,0.95,2.1,0.48
29,137,0.3,0.08,0.71,0.39,1.1
29,139,0.48,0.65,0.82,1.2,1.47
29,141,0.2,0.36,0.75,0.38,1.24
29,143,0.65,3.35,0.54,0.69,1.74
29,145,0.18,0.06,0.69,0.94,2.32
29,147,0.16,0.06,0.52,0.89,3.04
29,149,0.33,0.08,0.49,0.37,1.26
29,151,0.26,0.07,1.08,1.1,2.12
29,153,0.3,0.1,0.68,0.62,0.86
29,155,0.84,0.16,0.5,1.22,1.04
29,157,0.48,0.06,0.8,0.88,3.11
29,159,0.17,0.15,1.29,1.09,3.42
29,161,0.24,0.07,0.77,0.39,1.66
29,163,0.92,0.09,1.04,0.52,2.32
29,165,0.11,0.81,0.96,0.91,4.5
29,167,0.14,0.08,0.65,0.6,1.72
29,169,0.16,0.06,0.8,0.99,1.02
29,171,0.25,0.13,0.76,0.87,0.96
29,173,0.18,0.17,0.93,1.08,1.66
29,175,0.44,3.93,0.94,0.56,4.2
29,177,0.29,0.05,0.43,0.53,1.22
29,179,0.23,0.12,0.53,0.82,0.63
29,181,0.3,0.08,0.63,0.57,0.96
29,183,0.05,0.23,1.07,0.4,3.44
29,185,0.15,0.08,0.57,0.43,0.58
29,186,0.24,0.1,1.14,0.74,1.37
29,187,0.31,0.44,1.07,0.72,1.45
29,189,0.15,0.24,2.0,1.02,1.52
29,195,0.89,0.09,1.29,0.46,0.98
29,197,0.22,0.15,1.34,2.39,1.11
29,199,0.46,0.13,0.88,0.63,1.15
29,201,0.37,0.11,0.99,1.33,3.95
29,203,0.21,0.1,0.57,0.51,1.02
29,205,0.29,0.13,0.84,1.1,1.9
29,207,0.78,0.3,1.98,1.22,6.31
29,209,0.11,0.07,0.76,0.59,0.56
29,211,0.21,0.1,0.88,1.6,0.59
29,213,0.1,0.09,0.81,0.87,0.68
29,215,4.32,0.05,0.44,1.32,1.58
29,217,0.18,0.13,0.51,0.49,0.91
29,219,0.13,0.06,1.15,0.55,3.02
29,221,0.11,0.04,0.43,0.24,1.22
29,223,0.28,0.07,0.43,0.42,0.51
29,225,0.12,0.03,0.67,1.63,1.99
29,227,0.26,0.2,1.38,1.18,1.63
29,229,0.21,0.08,0.46,1.47,1.6
29,510,0.54,0.34,2.23,2.13,1.83
30,1,0.13,0.55,1.07,1.11,0.7
30,3,0.04,1.85,0.4,0.72,0.15
30,5,0.1,0.83,0.68,1.42,0.92
30,7,0.61,0.1,0.94,1.07,0.51
30,9,0.07,0.21,0.83,1.25,0.43
30,11,0.07,0.27,0.72,2.84,0.22
30,13,0.23,0.56,1.75,1.66,1.34
30,15,0.15,0.11,0.44,0.87,0.42
30,17,0.06,1.68,0.79,0.74,0.73
30,19,0.07,1.08,1.01,1.45,0.66
30,21,0.11,2.28,0.67,2.66,1.56
30,23,0.06,0.13,0.87,0.92,0.53
30,25,0.18,14.8,1.3,5.55,1.29
30,27,0.12,0.42,2.16,2.75,0.7
30,29,0.19,0.23,1.87,1.58,0.99
30,31,0.14,0.38,2.64,1.5,1.12
30,33,0.12,0.35,1.12,2.15,0.73
30,35,0.1,2.34,0.24,2.27,0.62
30,37,0.12,0.57,1.55,3.32,0.3
30,39,0.62,0.15,0.74,1.1,0.43
30,41,0.1,0.31,1.27,2.29,1.02
30,43,0.06,0.26,1.15,0.77,0.59
30,45,0.63,0.3,1.35,2.3,0.65
30,47,0.16,0.23,0.74,1.08,0.75
30,49,0.16,0.26,1.72,1.36,1.04
30,51,0.18,2.17,0.67,1.48,0.61
30,53,0.4,0.34,1.07,1.01,0.89
30,55,0.05,0.18,0.56,4.37,0.58
30,57,0.31,0.13,1.31,0.9,0.34
30,59,0.25,0.21,0.71,1.58,0.65
30,61,0.4,0.18,0.76,1.15,0.37
30,63,0.21,0.24,1.7,1.43,1.36
30,65,0.15,0.52,0.84,1.18,0.56
30,67,0.08,0.22,1.17,1.16,0.77
30,69,0.14,2.05,1.75,2.98,0.36
30,71,0.15,3.41,1.0,2.35,0.82
30,73,0.13,0.65,1.84,1.17,0.91
30,75,0.17,3.33,1.41,3.54,0.59
30,77,0.57,0.1,0.5,0.88,0.21
30,79,0.1,0.47,1.14,2.33,1.23
30,81,0.15,0.14,1.22,0.8,0.74
30,83,0.23,11.91,1.69,3.51,0.92
30,85,0.05,0.89,0.43,1.0,0.2
30,87,0.09,7.49,0.8,6.03,0.35
30,89,1.36,0.25,0.63,0.94,0.53
30,91,0.18,2.96,1.0,3.84,1.2
30,93,0.51,0.23,1.22,3.82,0.93
30,95,0.23,0.34,0.83,0.82,0.36
30,97,0.06,0.19,1.48,1.37,1.13
30,99,0.13,0.34,0.75,1.38,0.91
30,101,0.17,5.86,0.69,2.64,0.45
30,103,0.25,0.79,2.23,7.29,0.46
30,105,0.07,0.31,1.1,2.86,0.8
30,107,0.41,0.24,0.83,2.16,0.79
30,109,0.1,4.69,1.05,3.04,0.35
30,111,0.12,1.59,2.23,2.39,2.16
31,1,0.62,1.4,1.78,0.94,1.08
31,3,1.28,0.06,1.08,0.8,1.0
31,5,0.39,0.3,3.19,3.46,0.61
31,7,0.59,0.17,1.8,2.32,0.34
31,9,1.31,0.25,2.66,3.48,0.51
31,11,1.29,0.06,0.66,1.38,0.53
31,13,1.11,0.07,0.97,17.99,1.95
31,15,0.82,0.6,0.64,1.07,1.25
31,17,0.73,0.08,0.93,1.47,0.95
31,19,0.6,0.09,1.93,1.37,7.25
31,21,0.83,0.05,0.72,0.64,0.41
31,23,0.68,0.04,0.97,0.71,11.27
31,25,0.37,0.09,0.64,0.61,0.68
31,27,0.96,0.05,0.85,1.01,1.76
31,29,2.96,0.05,0.74,0.98,0.76
31,31,0.81,0.06,1.11,3.53,0.95
31,33,0.4,0.21,0.85,13.66,1.74
31,35,1.24,0.06,1.28,0.88,1.0
31,37,0.33,0.04,0.73,0.64,0.67
31,39,0.61,0.08,0.92,0.99,1.99
31,41,0.89,0.09,0.85,1.28,0.47
31,43,0.75,0.05,0.72,0.66,2.35
31,45,0.27,0.05,0.63,0.71,0.49
31,47,0.8,0.19,0.73,0.72,1.98
31,49,1.06,0.07,0.66,1.46,1.5
31,51,0.26,0.05,0.84,0.73,0.28
31,53,0.41,0.17,0.96,0.82,2.9
31,55,0.41,0.38,1.58,1.38,1.21
31,57,0.85,0.06,0.6,1.24,1.03
31,59,1.3,0.08,1.39,0.59,1.08
31,61,0.99,0.1,0.68,1.23,0.52
31,63,1.14,0.08,0.7,1.02,1.48
31,65,1.46,0.36,0.82,1.72,1.77
31,67,0.7,0.07,0.87,1.44,3.14
31,69,0.43,0.06,0.68,1.35,0.58
31,71,0.22,0.11,1.39,1.31,1.38
31,73,1.19,0.08,0.96,1.44,0.67
31,75,0.43,0.16,1.58,2.03,1.54
31,77,0.84,0.07,0.72,0.87,0.56
31,79,0.5,0.09,1.34,0.98,1.72
31,81,1.09,0.06,0.91,0.86,0.94
31,83,0.47,0.19,0.6,0.55,0.72
31,85,1.38,0.1,1.19,1.36,0.28
31,87,0.58,1.82,0.67,0.88,0.75
31,89,1.68,0.12,0.72,10.97,1.48
31,91,0.48,0.18,1.75,2.28,1.78
31,93,0.54,0.04,0.53,0.78,0.6
31,95,0.77,0.09,1.13,1.4,0.62
31,97,0.49,0.07,0.96,0.71,0.38
31,99,1.34,0.06,0.68,0.76,0.25
31,101,0.76,0.23,0.89,3.22,1.42
31,103,0.38,0.1,1.12,1.22,1.11
31,105,0.86,1.1,0.67,2.43,0.42
31,107,0.39,0.04,0.46,1.0,0.19
31,109,0.32,0.11,1.36,1.4,1.71
31,111,0.54,0.08,1.12,1.0,1.56
31,113,0.51,0.18,1.48,2.32,0.43
31,115,0.2,0.15,1.19,1.96,0.4
31,117,0.39,0.13,1.04,1.88,0.29
31,119,0.52,0.11,1.47,1.47,1.57
31,121,1.85,0.41,0.87,0.71,0.34
31,123,1.28,0.13,0.37,0.86,0.56
31,125,0.27,0.05,0.6,0.45,1.01
31,127,0.49,0.04,0.43,0.63,0.46
31,129,0.33,0.05,0.56,0.64,0.86
31,131,0.59,0.09,0.77,1.17,0.38
31,133,0.06,0.07,0.72,0.66,0.86
31,135,1.56,0.08,1.32,32.06,1.22
31,137,1.03,0.09,1.19,1.7,1.48
31,139,0.5,0.08,0.88,0.6,0.81
31,141,0.92,5.25,2.28,2.9,4.84
31,143,0.6,0.05,0.56,0.74,0.71
31,145,0.52,0.25,0.99,0.82,0.59
31,147,0.45,0.19,0.9,0.72,0.66
31,149,0.37,0.08,0.76,0.99,0.83
31,151,0.28,0.03,0.32,0.34,0.72
31,153,0.27,0.1,1.36,1.24,1.41
31,155,0.55,0.11,1.1,0.92,0.43
31,157,0.53,0.11,1.42,2.24,1.96
31,159,0.49,0.07,2.68,1.72,8.8
31,161,0.78,0.04,0.36,0.78,0.44
31,163,0.57,0.06,0.67,0.75,0.53
31,165,0.45,0.1,0.91,14.1,0.23
31,167,0.19,0.04,0.4,0.44,0.44
31,169,1.39,0.07,1.12,1.05,0.76
31,171,0.19,0.15,1.58,1.96,1.56
31,173,1.06,0.05,1.46,1.08,4.45
31,175,1.83,0.44,1.5,1.18,1.67
31,177,1.07,0.19,1.21,0.67,0.94
31,179,0.3,0.04,0.45,0.36,10.98
31,181,0.73,0.05,0.58,0.97,0.46
31,183,0.39,0.11,1.17,1.39,0.27
31,185,1.14,0.11,1.42,0.78,3.46
32,1,0.49,0.32,0.77,1.16,1.3
32,3,0.86,0.33,0.71,0.79,0.77
32,5,0.56,0.28,0.94,0.53,0.73
32,7,0.37,0.27,0.73,1.25,0.61
32,9,0.04,7.48,1.28,2.24,0.23
32,11,0.52,1.79,0.34,0.98,0.11
32,13,0.73,0.44,0.47,1.19,1.44
32,15,0.23,0.54,0.17,0.57,0.04
32,17,0.01,0.12,0.28,0.57,0.31
32,19,0.17,0.6,0.54,0.45,1.24
32,21,0.18,0.12,0.23,0.84,0.32
32,23,0.23,0.22,0.45,1.55,0.47
32,27,0.09,0.1,0.14,0.73,0.05
32,29,0.04,10.83,3.91,69.83,0.39
32,31,0.4,0.3,0.94,0.69,1.06
32,33,0.28,0.11,0.29,1.21,0.74
32,510,0.63,0.25,0.68,1.29,2.28
33,1,0.44,0.23,1.73,0.66,1.09
33,3,0.54,0.2,1.64,0.39,0.88
33,5,0.33,0.15,1.3,0.33,0.8
33,7,1.15,0.15,0.99,0.6,0.82
33,9,0.48,0.43,1.49,0.5,1.04
33,11,0.42,0.37,1.67,0.44,1.09
33,13,0.53,0.29,1.66,0.57,1.2
33,15,0.48,0.42,1.67,0.48,1.1
33,17,0.26,0.14,0.86,0.29,1.29
33,19,0.36,0.32,1.51,0.62,0.83
34,1,0.17,0.31,0.75,1.08,0.77
34,3,0.24,0.39,0.93,0.48,1.26
34,5,0.22,0.35,0.76,0.68,1.23
34,7,0.17,0.35,0.76,0.5,1.08
34,9,0.16,0.31,0.78,0.49,0.85
34,11,0.12,0.27,0.66,0.45,0.87
34,13,0.16,0.38,0.8,0.48,0.86
34,15,0.1,0.61,0.58,0.49,1.1
34,17,0.09,0.29,0.41,0.42,0.5
34,19,0.42,0.39,0.96,0.46,0.84
34,21,0.2,0.53,0.96,0.51,0.89
34,23,0.18,0.46,0.85,0.56,1.11
34,25,0.5,0.39,0.84,0.79,0.99
34,27,0.31,0.93,1.44,0.87,1.27
34,29,0.25,0.28,0.57,0.33,0.78
34,31,0.19,0.23,0.59,0.48,0.83
34,33,0.12,0.36,0.67,0.37,0.6
34,35,0.41,0.6,0.92,0.4,0.84
34,37,0.38,0.31,0.63,0.48,0.66
34,39,0.18,0.67,0.77,0.8,1.14
34,41,0.03,0.23,0.49,0.46,1.01
35,1,0.91,0.67,0.78,0.84,1.29
35,3,0.9,1.67,0.73,2.89,0.88
35,5,0.35,2.04,0.44,0.71,0.64
35,6,0.24,0.28,0.18,2.44,0.46
35,7,0.35,1.58,0.44,1.84,0.32
35,9,0.27,0.68,0.41,0.77,0.72
35,11,0.59,2.16,1.05,5.1,0.68
35,13,0.24,0.4,0.47,0.62,0.61
35,15,0.45,18.12,0.73,2.12,0.57
35,17,0.24,0.44,0.37,1.12,0.52
35,19,0.59,1.32,0.66,2.09,0.74
35,21,1.06,7.78,3.08,11.69,2.28
35,23,1.43,1.07,0.39,1.67,0.5
35,25,0.62,21.03,0.61,8.0,0.95
35,27,0.4,0.48,0.49,1.69,0.58
35,28,0.29,0.62,0.52,0.37,0.75
35,29,0.34,0.62,0.45,1.94,0.6
35,31,0.21,1.91,0.32,1.06,0.76
35,33,0.35,0.93,0.47,2.36,0.47
35,35,0.25,0.37,0.44,0.87,0.5
35,37,0.36,0.91,0.58,3.83,1.35
35,39,0.22,0.41,0.2,1.02,0.16
35,41,0.29,0.41,0.35,1.52,0.43
35,43,0.24,0.32,0.45,0.52,0.39
35,45,0.47,9.52,0.48,4.85,1.12
35,47,0.23,0.39,0.32,0.47,0.27
35,49,0.6,0.5,0.48,0.46,0.75
35,51,0.53,0.67,0.55,1.55,0.57
35,53,0.18,0.43,0.26,1.2,0.39
35,55,0.34,0.42,0.49,1.39,0.58
35,57,0.32,0.61,0.38,2.76,0.62
35,59,0.35,1.36,0.6,3.15,0.59
35,61,0.14,0.39,0.29,0.96,0.32
36,1,0.34,0.38,1.82,0.84,1.4
36,3,0.7,0.24,0.94,1.29,0.59
36,5,0.13,0.04,0.36,0.41,0.42
36,7,0.17,0.1,1.16,1.3,1.18
36,9,0.22,0.28,0.65,0.52,0.73
36,11,0.19,0.1,0.98,0.72,3.03
36,13,0.19,0.16,1.11,0.7,1.66
36,15,0.18,0.96,1.31,1.32,1.85
36,17,0.21,0.09,0.76,0.39,1.64
36,19,0.35,0.17,1.0,0.63,1.51
36,21,0.38,0.06,0.9,0.26,0.76
36,23,0.14,0.06,0.78,0.33,0.91
36,25,0.51,0.09,0.74,0.36,1.05
36,27,0.22,0.09,1.09,0.7,0.62
36,29,0.24,0.45,1.23,0.64,1.93
36,31,0.59,0.07,0.88,0.26,0.49
36,33,0.92,0.12,0.8,0.37,0.7
36,35,0.29,0.09,0.59,0.53,0.44
36,37,0.18,0.17,0.89,0.7,1.53
36,39,0.25,0.15,0.83,0.64,0.79
36,41,1.88,0.23,2.37,1.1,1.09
36,43,0.26,0.1,0.64,0.35,0.56
36,45,0.36,0.18,0.96,0.46,0.92
36,47,0.08,0.05,0.55,0.49,0.33
36,49,1.94,0.22,1.04,0.4,0.71
36,51,0.14,0.08,0.74,0.7,1.46
36,53,0.17,0.09,0.66,0.25,0.74
36,55,0.16,0.18,1.25,0.61,1.42
36,57,0.35,0.1,0.8,0.26,0.95
36,59,0.25,0.14,1.3,1.02,0.99
36,61,0.62,0.65,4.23,1.97,0.69
36,63,0.16,0.13,0.92,0.51,1.87
36,65,0.21,0.09,0.77,0.6,1.26
36,67,0.18,0.23,1.4,1.24,1.52
36,69,0.16,0.24,1.14,0.71,1.1
36,71,0.21,0.09,0.8,0.61,1.11
36,73,0.71,0.07,0.68,0.35,2.66
36,75,0.55,0.28,0.62,1.03,0.74
36,77,0.25,0.06,0.56,0.6,0.67
36,79,0.16,0.07,1.03,0.48,0.99
36,81,0.09,0.11,0.84,0.42,0.51
36,83,0.56,0.19,0.93,1.19,0.61
36,85,0.12,0.11,0.87,0.67,0.47
36,87,0.32,0.13,0.97,1.11,1.01
36,89,1.08,0.09,0.79,0.6,0.53
36,91,0.33,0.12,1.33,0.51,0.84
36,93,0.28,0.14,1.29,0.8,0.74
36,95,0.75,0.07,0.86,0.41,0.43
36,97,0.25,0.42,1.12,0.49,0.8
36,99,0.19,0.25,0.49,0.42,0.45
36,101,0.15,0.15,1.18,0.84,2.72
36,103,0.31,0.17,1.37,0.46,1.03
36,105,0.55,0.07,0.75,0.38,0.73
36,107,0.12,0.09,0.45,0.42,0.31
36,109,0.37,0.2,0.79,0.43,3.69
36,111,0.19,0.1,0.78,0.44,0.96
36,113,2.24,0.23,1.29,0.88,1.18
36,115,0.2,0.05,0.53,0.17,0.6
36,117,0.74,0.06,0.63,0.32,0.8
36,119,0.32,0.16,1.39,0.72,0.79
36,121,0.47,0.09,0.79,0.38,1.85
36,123,0.15,0.06,0.79,0.33,2.04
37,1,0.11,0.09,1.04,0.22,1.6
37,3,0.12,0.09,0.71,0.24,0.71
37,5,0.52,0.1,1.68,0.97,0.68
37,7,0.52,0.24,1.33,0.43,0.48
37,9,0.21,0.07,1.86,0.63,3.86
37,11,0.3,0.08,1.8,0.79,0.33
37,13,0.4,0.1,1.83,0.34,2.87
37,15,0.5,0.06,0.64,0.28,0.5
37,17,0.51,0.07,0.82,0.35,0.35
37,19,0.19,1.59,1.36,0.68,0.44
37,21,0.39,0.44,2.12,0.33,0.99
37,23,0.1,0.04,0.66,0.27,2.17
37,25,0.19,0.08,1.21,0.24,1.08
37,27,0.09,0.04,0.65,0.45,0.72
37,29,0.54,0.12,1.19,0.57,0.63
37,31,0.16,0.08,1.47,0.54,0.65
37,33,0.13,0.17,0.56,0.22,0.49
37,35,0.14,0.65,1.38,0.56,3.46
37,37,0.12,0.12,0.96,0.27,0.58
37,39,0.27,0.17,2.39,0.48,1.21
37,41,0.52,0.25,1.53,0.53,0.83
37,43,0.25,0.13,1.87,0.69,0.54
37,45,1.09,0.14,1.92,0.73,2.21
37,47,0.29,0.06,0.85,0.34,0.77
37,49,0.24,0.18,2.06,0.35,0.66
37,51,0.2,0.1,1.5,0.67,1.63
37,53,0.16,0.08,1.15,0.21,0.59
37,55,0.21,0.12,2.07,0.52,0.52
37,57,0.12,0.08,1.03,0.38,1.29
37,59,0.12,0.11,1.11,0.22,0.5
37,61,0.42,0.12,0.8,0.2,0.56
37,63,0.28,0.26,2.27,0.41,1.61
37,65,0.18,0.18,1.32,0.27,0.52
37,67,0.16,0.17,1.53,0.35,0.98
37,69,0.19,0.1,1.13,0.4,0.5
37,71,0.17,0.14,1.85,0.19,5.02
37,73,0.34,0.06,0.71,0.38,0.31
37,75,0.26,0.23,4.45,1.45,0.98
37,77,0.13,0.06,0.93,0.31,1.01
37,79,0.17,0.11,0.97,0.24,0.3
37,81,0.15,0.15,1.94,0.56,3.46
37,83,0.23,0.08,0.78,0.89,0.77
37,85,0.14,0.12,1.23,0.47,0.79
37,87,0.17,0.06,0.96,0.42,0.55
37,89,0.19,0.08,2.13,0.3,3.64
37,91,0.26,0.24,2.12,1.43,0.8
37,93,0.07,0.04,0.54,0.47,0.29
37,95,0.57,0.27,2.91,1.92,0.54
37,97,0.61,0.15,2.19,0.76,2.45
37,99,0.16,0.08,1.21,0.35,0.51
37,101,0.13,0.09,1.21,0.28,0.76
37,103,0.19,0.09,1.35,0.6,0.61
37,105,0.21,0.22,1.76,0.57,3.22
37,107,0.23,0.13,2.35,1.27,1.13
37,109,0.12,0.11,1.53,0.8,1.75
37,111,0.14,0.05,0.9,0.22,0.79
37,113,0.19,0.19,2.34,0.38,1.06
37,115,0.1,0.06,0.91,0.85,0.38
37,117,0.56,0.09,1.01,0.33,0.4
37,119,0.34,0.27,2.73,0.71,1.33
37,121,0.21,0.31,2.2,0.88,1.2
37,123,0.33,0.1,1.24,0.39,1.9
37,125,0.17,0.15,1.11,1.18,0.81
37,127,0.32,0.12,1.8,0.25,0.78
37,129,0.21,0.21,2.16,0.44,1.26
37,131,0.21,0.1,1.09,0.35,2.29
37,133,0.15,0.09,1.21,0.46,0.69
37,135,1.19,0.15,1.22,0.45,0.43
37,137,0.27,0.11,1.24,0.98,0.33
37,139,0.21,0.1,1.29,0.61,1.42
37,141,0.17,0.13,1.29,0.95,0.5
37,143,0.23,0.09,1.2,1.57,0.89
37,145,0.16,3.55,1.28,1.6,6.61
37,147,0.36,0.08,1.38,0.17,1.34
37,149,0.4,0.07,1.5,0.26,0.44
37,151,0.18,0.07,0.94,0.31,1.02
37,153,0.29,0.15,1.52,1.31,0.69
37,155,0.14,0.05,0.85,0.71,0.39
37,157,0.18,0.14,1.12,0.55,0.52
37,159,0.13,0.08,1.43,0.41,5.21
37,161,0.24,0.12,1.36,0.75,0.64
37,163,2.73,0.08,0.68,0.59,0.68
37,165,0.17,0.07,1.32,0.33,7.37
37,167,0.18,0.68,1.09,0.37,0.69
37,169,0.08,0.04,0.72,0.13,0.48
37,171,0.16,0.16,1.63,3.98,1.09
37,173,0.26,0.07,1.33,0.33,0.36
37,175,0.4,0.09,1.33,0.26,0.47
37,177,0.55,0.25,2.99,1.46,1.11
37,179,0.16,0.09,1.55,0.41,0.7
37,181,0.19,0.51,1.24,0.3,0.93
37,183,0.26,0.3,2.64,0.62,1.01
37,185,0.54,0.07,0.84,0.41,0.5
37,187,0.9,0.1,0.93,0.47,0.63
37,189,0.13,0.09,1.28,0.3,0.48
37,191,0.16,0.54,1.52,0.39,2.15
37,193,0.15,0.07,0.88,0.31,0.77
37,195,0.22,0.14,2.51,0.29,1.79
37,197,0.12,0.08,1.16,0.28,0.5
37,199,0.33,0.11,1.88,0.96,0.45
38,1,0.79,0.79,0.28,2.1,0.57
38,3,0.63,0.97,0.86,1.47,1.52
38,5,0.3,0.98,0.28,0.8,0.37
38,7,0.27,5.42,0.63,4.6,0.71
38,9,1.35,6.1,0.8,1.57,0.66
38,11,1.42,6.7,1.46,3.32,0.73
38,13,0.53,3.92,0.28,4.9,0.7
38,15,0.62,2.33,1.66,1.73,1.83
38,17,0.62,1.74,1.64,1.51,2.91
38,19,1.43,1.08,0.85,2.08,1.34
38,21,1.04,0.91,0.37,1.23,1.58
38,23,0.31,4.47,0.39,1.94,1.31
38,25,0.46,11.65,1.01,5.91,1.95
38,27,0.37,1.08,0.58,1.78,0.51
38,29,0.94,1.22,0.58,3.15,0.5
38,31,0.56,1.43,0.66,3.48,1.18
38,33,0.4,2.95,0.47,2.3,0.84
38,35,0.85,1.79,1.55,2.02,1.34
38,37,0.32,0.69,0.21,1.51,0.5
38,39,0.83,2.28,0.74,2.13,2.77
38,41,0.81,1.92,0.76,3.58,0.62
38,43,1.21,0.96,0.22,1.65,0.79
38,45,2.38,1.01,0.38,1.25,1.77
38,47,0.52,1.12,0.47,1.74,0.67
38,49,0.67,1.43,0.34,3.29,0.46
38,51,1.32,0.89,0.38,2.35,2.46
38,53,0.68,18.7,2.16,10.83,1.9
38,55,1.96,4.95,0.51,1.46,0.47
38,57,0.6,14.1,1.32,14.63,0.24
38,59,0.48,4.32,0.82,1.46,0.91
38,61,0.44,14.48,0.66,3.75,1.52
38,63,0.69,1.2,0.33,1.56,2.06
38,65,2.19,27.82,0.49,4.15,1.41
38,67,2.05,0.92,1.13,1.43,6.42
38,69,0.6,2.15,0.69,2.47,2.97
38,71,0.38,0.63,0.7,1.47,0.59
38,73,0.5,1.21,0.57,1.16,4.58
38,75,0.75,3.01,0.58,2.13,0.5
38,77,0.76,0.81,0.95,0.83,1.42
38,79,0.2,0.92,0.54,0.74,0.39
38,81,0.82,0.72,0.62,2.29,1.21
38,83,0.31,1.22,0.37,2.09,0.88
38,85,0.36,0.82,0.22,1.26,0.45
38,87,0.28,13.74,0.58,5.19,0.31
38,89,0.68,10.14,1.49,3.36,2.09
38,91,1.62,1.06,1.41,4.89,0.54
38,93,0.48,0.97,0.69,1.67,1.1
38,95,0.76,0.87,0.41,2.92,0.67
38,97,0.95,0.62,0.61,1.0,1.44
38,99,2.01,1.06,0.68,1.22,0.93
38,101,0.45,3.27,1.23,2.0,1.64
38,103,0.59,1.27,0.41,1.31,0.97
38,105,0.68,31.57,1.5,6.14,1.8
39,1,0.13,1.86,1.06,0.82,1.44
39,3,0.14,1.37,1.16,0.88,6.76
39,5,0.15,0.89,0.95,0.38,0.79
39,7,0.24,0.47,0.93,0.66,2.43
39,9,0.13,0.46,0.77,0.47,0.35
39,11,0.08,0.3,1.23,0.45,5.77
39,13,0.22,1.25,0.94,0.57,1.01
39,15,0.07,2.41,0.4,0.21,1.1
39,17,0.09,0.48,1.08,0.54,2.32
39,19,0.12,1.75,1.44,1.82,1.39
39,21,0.13,0.34,0.73,0.39,8.35
39,23,0.12,0.35,0.66,0.42,4.97
39,25,0.09,0.35,0.97,0.61,1.04
39,27,0.16,0.31,0.61,0.36,6.64
39,29,0.26,0.39,0.75,0.51,1.33
39,31,0.2,2.76,0.75,0.78,1.22
39,33,0.13,0.28,1.66,0.84,4.37
39,35,0.25,0.73,1.89,0.74,2.1
39,37,0.21,0.21,1.77,0.66,2.59
39,39,0.22,0.68,1.29,0.57,5.73
39,41,0.11,0.31,1.07,0.49,1.56
39,43,0.36,1.73,0.98,0.6,6.25
39,45,0.09,0.28,0.81,0.85,1.36
39,47,0.12,0.32,0.72,0.45,1.87
39,49,0.12,0.66,1.62,1.06,1.77
39,51,0.17,0.26,1.45,0.58,7.91
39,53,0.1,6.88,0.88,0.84,2.99
39,55,0.34,0.62,1.26,0.48,1.42
39,57,0.14,0.53,1.1,0.42,1.01
39,59,0.2,2.55,1.56,2.62,0.86
39,61,0.3,0.95,2.35,0.99,1.87
39,63,0.15,0.95,2.42,2.85,9.4
39,65,0.09,0.21,0.43,0.56,3.49
39,67,0.18,2.55,0.86,0.98,3.13
39,69,0.19,0.41,1.6,0.57,5.39
39,71,0.12,0.25,0.68,0.47,2.98
39,73,0.2,0.85,0.94,0.57,0.66
39,75,0.28,1.7,2.71,1.09,1.15
39,77,0.52,0.3,1.49,0.72,1.89
39,79,0.34,0.41,1.1,0.63,0.66
39,81,0.09,3.74,0.96,0.83,1.03
39,83,0.23,1.7,1.18,1.04,3.71
39,85,0.28,0.41,1.18,0.62,1.68
39,87,0.07,0.62,0.9,0.48,0.47
39,89,0.12,0.36,1.02,0.9,1.73
39,91,0.12,0.32,1.24,0.6,15.93
39,93,0.19,0.29,0.95,0.41,2.88
39,95,0.13,1.04,1.62,0.93,5.5
39,97,0.1,0.21,1.83,0.56,14.75
39,99,0.29,0.46,1.42,0.75,1.29
39,101,0.31,0.25,0.8,0.54,1.58
39,103,0.19,0.32,1.01,0.45,1.87
39,105,0.17,0.47,1.11,0.76,0.71
39,107,0.14,0.26,1.21,0.31,5.83
39,109,0.09,0.41,1.28,0.46,3.89
39,111,0.36,2.16,1.28,1.57,0.88
39,113,0.14,0.77,1.56,0.6,2.41
39,115,0.17,0.43,0.76,0.91,5.38
39,117,0.08,0.57,2.17,0.61,4.31
39,119,0.16,1.09,0.83,0.94,1.0
39,121,0.19,1.59,1.25,0.82,1.14
39,123,0.13,0.32,0.75,0.32,0.54
39,125,0.18,0.39,0.75,0.78,3.84
39,127,0.15,0.37,0.48,0.47,0.42
39,129,0.14,0.22,1.22,0.76,1.57
39,131,0.11,0.5,1.2,1.32,2.7
39,133,0.18,0.48,0.74,0.54,1.61
39,135,0.07,0.23,1.22,0.47,4.5
39,137,0.15,0.34,1.2,0.37,6.73
39,139,0.24,0.54,1.81,1.32,4.14
39,141,0.2,0.23,1.09,0.77,8.08
39,143,0.21,0.25,1.75,0.66,4.95
39,145,0.16,0.36,0.96,0.61,0.67
39,147,0.17,0.21,1.34,1.04,4.82
39,149,0.16,1.47,3.95,0.8,19.53
39,151,0.19,0.89,1.26,0.76,2.35
39,153,0.26,0.55,1.57,0.85,2.11
39,155,0.2,0.33,0.97,0.42,6.59
39,157,0.22,1.08,1.17,1.26,1.88
39,159,0.14,0.46,1.31,0.79,19.26
39,161,0.09,0.29,1.73,0.88,7.15
39,163,0.5,0.71,0.72,0.6,0.48
39,165,0.09,0.58,0.96,0.34,2.75
39,167,0.17,1.91,1.7,1.04,1.02
39,169,0.22,1.33,0.9,0.45,5.63
39,171,0.49,1.85,1.25,0.93,5.41
39,173,2.03,0.65,3.0,1.49,8.66
39,175,0.95,0.44,2.76,1.06,9.44
40,1,0.15,0.62,0.88,0.74,0.31
40,3,0.2,4.27,0.43,2.16,0.7
40,5,0.23,2.75,0.32,0.93,1.28
40,7,0.46,17.69,1.05,3.97,0.83
40,9,0.35,16.89,0.5,5.13,0.93
40,11,0.24,1.71,0.55,0.98,0.38
40,13,0.2,1.16,0.35,0.54,0.5
40,15,0.15,4.62,0.21,2.72,0.25
40,17,0.12,3.53,0.31,0.51,2.53
40,19,0.37,11.95,1.12,1.25,1.31
40,21,0.5,0.23,0.18,0.47,0.27
40,23,0.09,2.5,0.38,1.71,0.68
40,25,0.24,1.8,0.37,1.65,0.55
40,27,0.15,1.09,0.6,0.41,0.6
40,29,0.23,4.69,0.38,0.98,0.37
40,31,0.34,0.87,0.59,0.55,0.64
40,33,0.18,1.12,0.2,0.57,0.33
40,35,0.14,0.63,0.45,3.36,1.12
40,37,0.24,4.46,0.82,1.43,0.7
40,39,0.42,5.57,0.53,2.11,0.82
40,41,0.18,0.28,0.29,0.53,0.48
40,43,0.32,7.09,0.4,3.34,0.42
40,45,0.21,1.86,0.4,3.18,0.57
40,47,0.46,8.2,0.93,1.42,0.83
40,49,0.18,10.62,0.63,2.38,1.57
40,51,0.14,2.52,0.59,0.9,1.87
40,53,0.31,12.73,0.47,4.35,0.33
40,55,0.17,1.27,0.24,0.96,0.38
40,57,0.2,1.33,0.54,5.64,0.62
40,59,0.16,4.28,0.44,1.63,1.2
40,61,0.21,1.98,0.39,2.29,0.36
40,63,0.16,3.17,0.23,0.83,0.16
40,65,0.32,0.42,0.28,0.36,0.42
40,67,0.13,1.65,0.24,2.72,0.1
40,69,0.06,0.66,0.21,0.41,6.98
40,71,0.21,4.09,0.96,2.19,0.68
40,73,0.21,10.49,0.92,2.9,0.75
40,75,0.15,1.41,0.21,0.67,0.58
40,77,0.25,7.87,2.0,5.2,0.55
40,79,0.16,1.62,0.22,1.31,0.82
40,81,0.14,3.32,0.39,0.68,0.29
40,83,0.13,1.42,0.3,0.87,0.37
40,85,0.07,0.7,0.13,0.73,0.06
40,87,0.17,2.44,0.62,1.79,0.85
40,89,2.12,0.44,0.26,0.54,0.38
40,91,0.11,0.74,0.33,0.61,0.67
40,93,0.24,11.23,0.61,1.64,0.52
40,95,0.09,0.66,0.15,0.41,10.33
40,97,0.14,0.87,0.69,0.57,0.33
40,99,0.26,2.18,0.37,2.42,1.45
40,101,0.24,1.84,0.81,0.72,1.18
40,103,0.12,3.79,0.22,0.47,0.89
40,105,0.1,1.12,0.24,0.6,0.29
40,107,0.12,1.57,0.29,0.85,0.4
40,109,0.33,4.9,1.09,1.09,1.57
40,111,0.09,0.87,0.29,0.55,0.84
40,113,0.13,2.1,0.31,0.59,0.07
40,115,0.44,0.41,0.3,0.35,2.17
40,117,0.14,3.46,0.26,2.13,0.11
40,119,0.2,2.0,0.45,1.17,0.56
40,121,0.22,7.74,0.31,2.74,0.55
40,123,0.26,2.76,1.05,1.01,0.81
40,125,0.14,1.38,0.32,0.6,0.87
40,127,0.52,1.25,0.35,0.76,1.05
40,129,0.87,4.16,0.3,1.79,0.27
40,131,0.18,2.22,0.97,1.6,0.93
40,133,0.19,6.38,0.43,0.92,0.38
40,135,0.07,0.31,0.21,0.46,0.51
40,137,0.2,14.13,0.51,0.69,1.24
40,139,0.3,2.58,0.62,2.0,0.63
40,141,0.2,0.7,0.24,2.17,0.27
40,143,0.32,3.83,1.24,2.04,1.45
40,145,0.15,0.49,0.34,0.28,0.16
40,147,0.12,19.7,0.47,1.34,0.47
40,149,0.21,3.23,0.22,0.68,0.34
40,151,0.15,13.5,0.32,1.22,0.62
40,153,0.3,17.24,0.84,1.96,1.42
41,1,2.44,0.02,1.71,1.09,0.96
41,3,0.6,0.03,1.62,0.44,0.46
41,5,0.26,0.03,2.05,0.57,1.2
41,7,0.46,0.02,1.55,0.38,0.61
41,9,0.19,0.47,1.13,0.26,0.44
41,11,0.92,0.02,1.27,0.55,0.65
41,13,0.33,0.02,1.3,0.44,6.73
41,15,0.57,0.02,1.81,1.16,0.75
41,17,0.36,0.04,2.28,0.68,0.86
41,19,1.45,0.03,1.22,0.47,0.92
41,21,1.17,0.06,2.52,4.51,1.42
41,23,1.0,0.03,1.51,1.48,1.03
41,25,0.27,0.03,1.46,1.22,0.57
41,27,0.44,0.04,2.17,0.64,0.97
41,29,0.66,0.02,1.49,0.58,1.1
41,31,4.03,0.03,0.68,0.34,1.41
41,33,0.41,0.01,1.04,0.33,1.44
41,35,1.45,0.02,1.42,0.52,0.83
41,37,0.42,0.02,1.17,0.76,0.34
41,39,0.47,0.09,1.51,0.4,1.33
41,41,0.44,0.02,1.31,0.61,0.64
41,43,0.3,0.02,1.53,0.62,1.1
41,45,0.27,0.02,0.98,0.29,1.13
41,47,0.35,0.03,1.96,0.66,1.04
41,49,4.33,1.38,0.9,4.66,0.76
41,51,0.27,0.06,2.81,0.86,1.89
41,53,0.35,0.01,0.79,0.24,2.0
41,55,1.96,0.06,2.41,8.07,1.13
41,57,0.61,0.01,1.01,0.39,0.58
41,59,0.2,0.31,1.09,0.57,3.71
41,61,0.37,0.02,1.64,0.51,5.62
41,63,1.98,0.13,2.4,0.55,0.63
41,65,0.27,0.02,1.15,0.5,0.8
41,67,1.15,0.07,3.08,0.98,0.78
41,69,0.51,0.08,2.93,0.91,0.68
41,71,0.24,0.01,1.11,0.29,0.82
42,1,0.26,0.33,0.56,0.31,0.62
42,3,0.18,0.88,1.57,0.79,1.03
42,5,0.12,0.91,0.5,0.82,0.68
42,7,0.16,0.45,0.55,0.8,0.82
42,9,0.23,1.32,0.93,0.76,1.24
42,11,0.71,0.75,0.87,0.73,1.81
42,13,0.11,0.56,1.01,0.93,2.03
42,15,0.22,1.93,0.62,1.13,0.87
42,17,0.2,0.4,1.14,0.48,1.58
42,19,0.18,0.69,1.24,0.58,1.63
42,21,0.15,0.55,0.84,0.57,1.16
42,23,0.57,2.18,2.06,1.94,0.95
42,25,0.08,0.37,0.45,0.26,3.37
42,27,0.13,0.38,0.92,0.31,0.58
42,29,0.35,0.81,1.38,0.65,1.22
42,31,0.22,0.63,0.78,0.88,2.04
42,33,0.5,0.62,0.64,0.85,1.22
42,35,0.32,1.45,0.85,1.22,3.9
42,37,0.12,0.29,0.72,0.43,1.23
42,39,0.57,0.73,0.54,0.66,0.93
42,41,0.14,0.41,1.09,0.42,1.46
42,43,0.17,0.47,1.14,0.73,1.3
42,45,0.17,0.88,0.89,0.43,0.88
42,47,0.44,0.64,0.89,1.25,0.67
42,49,0.3,0.37,0.87,0.66,1.09
42,51,0.11,1.48,0.63,0.69,1.53
42,53,0.76,10.55,2.54,2.23,1.15
42,55,0.15,0.28,0.72,0.26,1.32
42,57,0.15,0.63,0.96,1.65,0.71
42,59,0.13,2.18,1.35,2.89,0.91
42,61,0.2,0.31,0.69,0.81,0.57
42,63,0.21,3.15,0.76,1.02,0.78
42,65,0.51,2.21,0.9,0.67,0.85
42,67,0.16,0.48,0.68,0.48,0.86
42,69,0.21,0.52,0.86,0.55,1.1
42,71,0.27,0.33,1.21,0.33,1.62
42,73,0.14,0.41,1.03,0.55,0.88
42,75,0.15,0.56,0.64,0.31,1.57
42,77,0.15,0.42,0.98,0.76,2.22
42,79,0.13,0.31,0.8,0.73,0.8
42,81,0.23,1.07,1.0,0.92,1.06
42,83,0.62,5.57,0.89,0.99,0.77
42,85,0.14,0.55,0.8,0.45,1.88
42,87,0.48,0.31,0.65,0.53,1.23
42,89,0.09,0.17,0.46,0.22,0.81
42,91,0.2,0.87,1.64,0.85,1.51
42,93,0.23,2.55,0.91,0.6,5.25
42,95,0.11,0.48,0.7,0.31,0.78
42,97,0.19,0.49,0.63,0.79,1.62
42,99,0.12,0.25,0.51,0.36,1.03
42,101,0.16,1.05,1.1,0.42,0.9
42,103,0.11,0.28,0.45,0.35,0.54
42,105,0.4,0.83,0.84,3.45,1.71
42,107,0.28,0.48,0.63,0.32,1.14
42,109,0.14,0.39,0.84,0.59,1.41
42,111,0.27,0.46,0.91,0.67,3.1
42,113,0.5,2.56,1.91,2.58,0.74
42,115,0.24,1.55,0.6,0.82,0.58
42,117,0.4,1.26,0.91,1.89,3.27
42,119,0.13,0.39,0.72,0.33,1.0
42,121,0.23,4.7,0.68,0.95,1.11
42,123,0.4,6.25,0.51,1.03,0.87
42,125,0.14,2.35,1.19,0.93,1.06
42,127,0.19,0.5,1.07,0.73,0.87
42,129,0.28,0.56,0.97,0.58,0.97
42,131,0.37,1.7,0.85,0.5,1.4
42,133,0.15,0.43,1.09,0.71,1.44
44,1,0.45,0.05,1.49,0.1,0.75
44,3,0.48,0.12,2.6,0.19,1.09
44,5,0.56,0.27,2.86,0.22,0.59
44,7,0.41,0.16,2.36,0.4,0.98
44,9,0.47,0.09,2.15,0.25,0.67
45,1,0.76,0.08,0.68,0.62,2.1
45,3,0.84,2.13,1.69,0.65,1.63
45,5,1.84,0.29,2.91,1.19,0.88
45,7,0.4,1.52,0.9,0.53,4.67
45,9,1.33,3.57,1.39,0.73,0.72
45,11,0.48,0.37,0.81,0.33,0.94
45,13,0.64,0.19,1.34,0.27,0.74
45,15,0.61,0.41,1.04,0.54,1.04
45,17,0.97,4.61,1.69,0.64,2.93
45,19,1.11,0.62,2.14,0.52,2.1
45,21,0.51,0.54,1.58,0.61,4.29
45,23,0.66,0.11,1.3,0.37,0.64
45,25,0.39,0.22,1.2,0.79,0.59
45,27,0.86,0.18,0.51,0.4,0.71
45,29,1.16,0.7,0.74,0.32,2.23
45,31,0.37,0.21,0.94,0.85,1.06
45,33,0.36,0.07,0.39,0.21,3.14
45,35,0.38,0.19,0.63,0.3,3.54
45,37,1.22,0.55,0.8,0.52,0.37
45,39,1.29,0.4,2.08,0.53,2.45
45,41,0.7,0.26,1.1,0.31,1.95
45,43,1.11,0.3,1.47,0.47,0.71
45,45,1.27,0.34,1.9,0.82,2.15
45,47,0.63,0.13,1.11,0.81,1.09
45,49,1.51,0.63,1.01,0.47,1.04
45,51,0.55,0.16,1.2,0.44,0.74
45,53,1.64,0.23,1.72,1.25,0.91
45,55,0.55,0.22,1.34,0.31,2.28
45,57,1.36,0.16,1.53,0.43,1.21
45,59,0.43,0.08,1.02,0.77,11.4
45,61,0.67,0.15,0.66,0.4,0.68
45,63,0.59,0.69,1.19,1.49,1.8
45,65,0.92,0.19,0.88,0.6,1.26
45,67,0.4,0.08,0.95,0.7,3.64
45,69,0.85,0.2,1.79,0.9,0.98
45,71,1.0,0.12,1.21,1.0,1.26
45,73,0.44,0.14,0.96,0.37,3.74
45,75,0.61,0.48,0.89,0.32,1.53
45,77,0.75,0.15,0.78,0.51,1.08
45,79,0.8,0.34,1.49,0.37,1.47
45,81,0.59,0.16,0.5,0.27,0.56
45,83,0.59,0.23,1.29,1.13,9.15
45,85,0.67,0.17,1.04,2.13,0.79
45,87,0.84,0.08,0.64,0.29,4.15
45,89,0.92,0.3,0.96,1.7,1.39
45,91,0.61,0.17,1.03,0.56,1.96
46,3,2.02,0.39,1.03,0.87,1.01
46,5,0.63,0.38,1.11,1.0,1.09
46,7,0.29,0.2,2.57,3.68,0.41
46,9,0.64,0.26,0.65,1.68,0.53
46,11,0.52,1.15,1.73,0.44,0.86
46,13,1.87,0.65,2.13,1.05,1.11
46,15,0.49,0.25,0.85,0.49,1.53
46,17,0.1,0.19,0.55,0.34,0.22
46,19,0.35,0.31,1.02,0.77,1.57
46,21,0.25,0.16,0.45,0.31,0.91
46,23,0.6,0.15,1.16,0.64,1.2
46,25,0.76,0.2,1.2,0.72,0.92
46,27,0.18,0.19,0.58,0.29,0.31
46,29,0.66,0.29,1.5,0.53,1.63
46,31,0.56,0.3,0.49,0.7,0.05
46,33,0.35,0.19,0.89,1.32,0.34
46,35,0.89,0.47,3.52,1.25,7.67
46,37,0.63,0.72,0.81,1.48,0.83
46,39,0.82,0.26,1.2,1.46,0.48
46,41,0.23,0.13,0.43,1.68,0.09
46,43,0.54,0.13,0.95,0.59,1.5
46,45,1.13,0.09,0.29,1.24,0.38
46,47,0.47,0.31,0.79,1.11,0.31
46,49,0.7,0.32,0.57,0.65,0.55
46,51,0.81,2.91,1.17,0.95,1.16
46,53,0.53,0.17,1.15,1.11,0.42
46,55,0.55,0.23,0.63,0.8,1.05
46,57,0.6,0.32,1.76,0.52,0.63
46,59,1.04,0.14,0.57,2.29,0.86
46,61,0.25,0.44,1.11,0.52,0.53
46,63,0.7,2.78,1.58,4.31,0.51
46,65,0.62,0.49,1.49,0.67,0.77
46,67,0.69,0.32,0.84,0.61,1.15
46,69,4.57,0.16,0.54,2.45,0.88
46,71,0.16,0.22,0.62,0.66,0.38
46,73,0.57,0.63,0.49,0.68,1.0
46,75,0.48,0.23,0.66,4.86,2.06
46,77,0.62,0.09,0.97,0.83,0.77
46,79,1.18,0.32,0.74,2.57,0.8
46,81,0.45,0.29,1.44,0.37,1.03
46,83,0.48,0.31,1.64,0.51,1.77
46,85,0.59,0.25,0.69,0.59,0.38
46,87,0.33,0.13,0.78,0.51,0.24
46,89,0.57,0.23,0.68,0.23,0.64
46,91,0.6,0.27,0.9,0.6,6.25
46,93,0.6,0.25,1.45,0.66,0.89
46,95,0.29,0.14,0.46,0.21,0.2
46,97,0.54,0.22,0.87,0.72,0.55
46,99,0.69,0.54,1.97,0.66,2.59
46,101,0.47,0.24,1.88,2.23,0.38
46,102,0.27,0.2,0.73,0.24,0.47
46,103,0.61,0.48,2.18,0.95,1.78
46,105,0.39,0.26,0.92,3.15,1.26
46,107,1.32,0.23,1.93,1.16,1.14
46,109,0.36,0.22,0.54,0.47,0.5
46,111,0.71,0.23,0.71,0.63,1.04
46,115,1.13,0.26,0.88,0.62,0.72
46,117,0.56,0.15,4.56,1.02,1.92
46,119,2.26,0.16,0.97,0.86,0.23
46,121,0.13,0.04,0.3,0.84,0.2
46,123,0.44,0.17,0.97,0.18,1.01
46,125,0.78,0.16,0.7,0.67,0.73
46,127,0.56,0.26,1.51,0.95,1.66
46,129,0.32,0.21,0.94,1.53,1.9
46,135,0.81,0.43,2.45,0.96,5.58
46,137,0.17,0.25,0.43,0.84,0.21
47,1,0.39,0.38,3.66,1.52,10.06
47,3,0.33,0.09,4.03,2.35,17.22
47,5,0.55,0.11,0.67,0.35,0.64
47,7,0.98,0.12,0.76,0.88,1.13
47,9,4.41,0.13,1.62,0.64,7.6
47,11,1.85,0.08,1.17,0.62,0.96
47,13,0.36,0.1,0.86,0.33,2.04
47,15,0.65,0.1,0.65,1.47,2.76
47,17,0.43,0.09,0.72,0.19,0.95
47,19,0.21,0.06,0.95,0.42,0.63
47,21,0.22,0.06,1.84,0.91,0.42
47,23,0.44,0.1,0.63,1.96,0.46
47,25,0.38,0.2,0.67,2.28,4.05
47,27,1.07,0.25,0.83,1.22,1.66
47,29,0.34,0.06,0.54,0.17,0.54
47,31,0.3,0.31,3.38,1.57,7.69
47,33,0.68,0.11,0.73,0.44,1.26
47,35,0.28,0.08,0.91,0.96,0.93
47,37,0.24,0.24,2.29,1.59,1.63
47,39,0.87,0.17,3.21,1.18,0.52
47,41,0.71,0.1,4.53,1.35,18.07
47,43,0.32,0.48,0.94,0.41,5.22
47,45,0.38,0.12,2.82,1.07,9.59
47,47,0.31,0.08,1.23,1.58,0.54
47,49,0.95,0.18,0.63,2.08,0.64
47,51,0.33,0.08,0.66,0.62,7.64
47,53,0.31,0.08,1.29,1.86,2.28
47,55,0.38,0.08,0.89,0.51,13.87
47,57,0.44,0.12,0.81,0.43,1.59
47,59,0.23,0.09,0.68,0.24,2.72
47,61,0.96,0.13,0.52,1.97,5.84
47,63,0.28,0.08,1.16,0.39,11.63
47,65,0.26,0.2,2.09,1.54,3.51
47,67,1.44,0.35,0.79,2.59,1.36
47,69,0.94,0.13,0.56,0.51,1.53
47,71,0.64,0.1,0.96,2.14,0.49
47,73,0.3,0.06,1.26,1.74,5.52
47,75,0.63,0.08,0.49,2.2,0.51
47,77,0.37,2.41,1.08,0.43,4.29
47,79,0.4,0.11,2.07,1.16,1.47
47,81,0.36,0.09,0.63,1.95,0.49
47,83,1.05,0.17,0.92,1.1,0.75
47,85,0.49,0.21,1.76,1.23,0.67
47,87,0.71,0.12,1.13,1.04,1.84
47,89,0.2,0.06,0.75,2.21,0.82
47,91,0.51,0.1,1.02,2.38,0.6
47,93,0.21,0.27,2.06,0.98,1.92
47,95,1.95,0.28,0.97,0.57,1.2
47,97,0.54,0.08,0.82,1.92,2.21
47,99,0.35,0.08,1.71,0.49,4.15
47,101,1.11,0.21,1.18,1.84,0.86
47,103,0.37,0.1,3.94,0.32,0.55
47,105,0.47,0.16,1.78,0.7,3.64
47,107,0.18,0.07,0.77,0.68,11.61
47,109,1.55,0.95,1.52,4.31,0.9
47,111,0.59,0.15,0.37,2.78,0.44
47,113,0.27,0.15,2.12,1.21,3.69
47,115,0.37,0.1,0.9,1.95,1.25
47,117,0.32,0.1,0.8,1.02,4.55
47,119,0.19,0.07,1.2,0.81,9.66
47,121,0.63,0.11,0.52,6.21,0.43
47,123,0.27,0.12,0.51,1.44,8.24
47,125,0.14,0.07,1.13,1.09,1.95
47,127,0.87,0.14,0.55,1.7,0.45
47,129,0.56,0.09,0.39,0.92,0.64
47,131,0.52,0.18,1.65,2.09,1.03
47,133,0.73,0.12,0.98,1.46,1.1
47,135,1.28,0.15,0.63,3.43,0.34
47,137,1.34,0.21,1.06,2.72,6.48
47,139,0.53,0.08,0.34,0.57,0.59
47,141,0.27,0.11,2.1,1.72,4.97
47,143,0.44,0.07,2.42,0.41,6.24
47,145,0.26,0.22,1.94,0.9,0.9
47,147,0.25,0.08,1.46,0.91,3.36
47,149,0.11,0.09,0.86,1.1,10.76
47,151,0.63,0.17,1.18,2.05,7.72
47,153,0.66,0.12,0.53,1.25,0.56
47,155,0.16,0.06,0.75,0.27,1.19
47,157,0.16,0.22,2.07,0.92,1.66
47,159,0.41,0.08,1.27,3.34,6.13
47,161,0.71,0.1,0.78,3.2,2.91
47,163,0.32,0.11,2.34,1.25,1.21
47,165,0.81,0.1,1.07,1.04,4.06
47,167,0.22,0.07,0.82,0.92,0.86
47,169,0.7,0.13,0.77,0.9,0.55
47,171,0.56,0.12,1.65,0.79,2.39
47,173,0.46,0.1,0.74,0.39,0.44
47,175,2.04,0.22,0.77,0.42,0.49
47,177,0.61,0.13,1.17,1.94,12.01
47,179,0.19,0.08,1.5,0.54,1.37
47,181,1.22,0.1,0.56,2.8,0.61
47,183,0.34,0.08,0.6,0.17,0.99
47,185,0.52,0.08,0.67,0.37,6.65
47,187,0.26,0.3,2.2,1.48,1.03
47,189,0.15,0.06,1.26,0.98,3.32
48,1,0.18,2.43,0.59,0.84,1.18
48,3,0.52,18.13,1.44,3.44,1.17
48,5,0.31,1.13,0.95,0.94,1.37
48,7,0.19,2.78,0.78,0.92,0.42
48,9,0.37,3.98,0.95,1.27,0.63
48,11,0.75,3.03,2.08,3.87,1.66
48,13,0.2,5.44,0.55,1.48,0.7
48,15,0.25,1.25,1.09,1.56,2.35
48,17,0.63,2.89,0.97,3.65,1.09
48,19,0.14,0.48,0.6,1.46,0.78
48,21,0.2,0.34,0.49,1.26,0.49
48,23,2.35,2.15,1.38,2.31,1.49
48,25,0.28,5.15,0.9,1.34,3.15
48,27,0.18,0.28,0.66,0.47,1.28
48,29,0.37,0.83,1.02,0.82,2.06
48,31,0.37,1.13,1.47,1.76,0.72
48,33,1.99,10.28,5.06,7.49,3.04
48,35,0.14,2.37,0.67,1.7,0.41
48,37,0.18,0.74,0.83,0.54,3.98
48,39,0.22,1.81,1.01,2.29,0.61
48,41,0.2,1.38,0.97,0.83,1.05
48,43,0.44,0.95,1.08,1.43,1.0
48,45,1.72,5.14,3.05,5.28,2.76
48,47,0.64,3.58,1.06,1.63,1.52
48,49,0.19,0.52,0.79,0.92,1.2
48,51,0.31,3.82,0.69,3.24,0.69
48,53,0.23,0.6,1.07,1.37,0.62
48,55,0.12,0.79,0.38,1.17,0.61
48,57,0.92,1.86,3.66,3.93,1.18
48,59,0.22,0.89,0.7,1.52,0.51
48,61,0.12,0.2,0.49,0.63,1.08
48,63,0.24,5.99,0.82,1.18,0.57
48,65,0.42,1.87,1.73,2.08,0.69
48,67,0.38,0.8,0.42,1.45,1.28
48,69,0.56,1.63,0.98,1.14,1.52
48,71,0.2,4.61,0.99,9.65,0.54
48,73,0.29,0.74,0.78,1.04,0.76
48,75,0.39,1.3,1.06,3.91,1.35
48,77,0.2,0.94,0.46,1.34,2.1
48,79,1.33,5.98,1.63,2.32,0.88
48,81,0.76,4.6,1.84,2.22,1.12
48,83,0.5,2.39,0.84,2.85,0.53
48,85,0.17,0.52,0.86,0.76,1.0
48,87,2.47,2.55,1.73,3.58,1.84
48,89,0.24,1.33,0.97,0.77,0.51
48,91,0.23,0.39,1.32,0.97,1.12
48,93,0.29,1.89,0.63,1.11,0.87
48,95,1.2,2.78,1.37,2.45,1.26
48,97,0.23,5.95,0.68,1.1,9.95
48,99,0.16,0.62,0.94,0.58,1.52
48,101,2.18,5.7,3.52,5.94,2.94
48,103,0.67,27.1,1.04,4.83,1.28
48,105,1.14,12.13,1.39,4.67,1.58
48,107,0.82,1.61,0.75,1.33,0.64
48,109,0.81,4.35,2.57,2.77,1.66
48,111,1.19,0.97,1.59,2.26,5.41
48,113,0.46,1.49,1.95,1.75,1.56
48,115,0.84,6.39,0.76,1.3,0.88
48,117,0.43,1.43,0.69,1.23,1.44
48,119,0.37,1.15,1.04,1.3,0.39
48,121,0.12,0.28,0.56,0.58,1.38
48,123,0.2,7.2,0.97,2.24,0.72
48,125,1.03,7.62,2.42,4.32,1.4
48,127,0.38,16.37,0.76,3.38,0.82
48,129,0.48,2.68,1.19,2.22,1.39
48,131,0.48,7.25,0.85,2.08,0.39
48,133,0.47,7.72,1.32,2.89,0.99
48,135,0.22,12.47,1.28,4.92,1.74
48,137,0.78,3.66,1.79,2.62,1.65
48,139,0.17,0.54,0.79,0.6,1.67
48,141,0.18,0.73,0.87,0.97,1.49
48,143,0.17,0.64,0.85,1.06,1.31
48,145,0.5,0.46,0.41,0.53,0.28
48,147,0.16,0.51,0.44,0.73,0.52
48,149,0.21,2.56,0.79,1.38,1.04
48,151,1.09,3.31,1.16,4.01,1.27
48,153,0.97,1.31,0.87,2.55,0.85
48,155,1.1,4.68,2.76,4.01,1.65
48,157,0.13,1.64,0.56,0.43,0.48
48,159,0.25,0.97,0.77,0.93,2.29
48,161,0.32,11.32,0.86,3.29,0.89
48,163,0.35,4.4,0.63,3.27,0.65
48,165,0.54,10.65,0.78,1.27,0.76
48,167,0.16,2.47,0.76,0.84,0.55
48,169,0.8,13.69,1.6,2.04,0.86
48,171,0.24,0.87,1.34,1.69,0.8
48,173,2.08,7.84,2.27,4.52,6.02
48,175,0.42,3.23,0.84,2.96,0.53
48,177,0.39,1.46,0.6,3.34,0.77
48,179,0.48,14.78,1.04,2.76,1.15
48,181,0.21,0.84,0.71,1.48,1.27
48,183,0.38,7.38,3.21,2.92,1.95
48,185,0.24,2.9,0.84,3.02,0.56
48,187,0.15,0.47,0.64,0.98,2.52
48,189,0.47,0.58,0.77,1.3,1.83
48,191,1.32,2.75,1.65,3.38,2.82
48,193,0.44,1.22,1.21,2.5,0.98
48,195,0.74,11.62,1.11,1.52,1.01
48,197,0.84,2.45,1.29,2.57,1.51
48,199,0.37,2.71,0.77,2.95,0.59
48,201,0.47,5.8,1.79,2.78,1.21
48,203,0.19,5.7,0.9,1.09,1.56
48,205,0.69,0.95,0.83,1.26,0.76
48,207,1.02,2.81,1.01,3.23,0.91
48,209,0.13,0.35,0.74,0.61,0.81
48,211,1.13,16.21,2.01,4.71,0.86
48,213,0.17,0.49,0.48,0.77,0.45
48,215,0.12,0.52,0.48,0.55,0.68
48,217,0.3,1.01,0.65,3.5,0.43
48,219,0.79,18.01,0.72,2.31,0.75
48,221,0.2,5.52,0.77,1.0,0.53
48,223,0.15,0.62,0.6,0.75,1.06
48,225,0.4,2.26,1.25,2.28,0.83
48,227,1.84,8.07,0.84,1.97,0.9
48,229,0.93,1.71,1.0,2.42,1.13
48,231,0.16,0.33,0.61,0.9,0.56
48,233,0.36,21.45,1.36,8.88,0.95
48,235,1.13,85.95,2.58,8.38,2.22
48,237,0.53,17.89,1.73,2.84,0.89
48,239,0.34,5.02,1.14,3.71,0.48
48,241,0.31,1.28,1.5,2.01,0.92
48,243,2.37,3.13,1.56,2.32,0.92
48,245,0.38,6.69,2.06,4.99,1.38
48,247,0.73,4.13,0.95,1.43,0.92
48,249,0.22,14.0,0.85,0.95,0.99
48,251,0.15,1.35,0.91,1.01,1.41
48,253,0.33,2.53,0.77,1.61,0.87
48,255,0.32,10.32,0.51,2.16,0.56
48,257,0.25,0.36,0.91,1.55,0.77
48,259,0.39,1.11,1.43,2.31,0.71
48,261,11.92,20.07,7.49,10.35,4.08
48,263,1.19,7.26,3.54,5.15,2.07
48,265,0.24,0.38,1.07,0.86,1.35
48,267,0.86,1.64,1.67,4.36,1.47
48,269,3.74,16.78,8.74,13.99,5.95
48,271,0.55,4.06,1.44,10.37,1.31
48,273,0.18,1.57,0.64,1.46,0.47
48,275,1.38,12.48,1.69,1.98,1.48
48,277,0.63,0.47,0.9,1.1,6.93
48,279,0.58,1.33,0.59,2.46,0.61
48,281,0.22,0.65,0.97,0.71,1.05
48,283,0.24,31.03,0.78,1.21,0.5
48,285,0.25,1.72,0.77,0.82,1.59
48,287,0.45,4.15,2.07,20.09,0.85
48,289,0.24,5.67,1.86,2.53,0.63
48,291,0.19,2.46,0.6,1.65,0.69
48,293,0.25,2.84,0.75,3.39,2.08
48,295,0.74,9.18,1.93,2.69,1.15
48,297,0.52,14.82,1.22,3.09,1.32
48,299,0.22,0.89,0.83,1.12,0.62
48,301,5.54,34.21,16.61,24.46,9.8
48,303,0.24,0.57,0.99,0.95,1.49
48,305,0.76,1.54,0.87,8.33,0.56
48,307,0.27,4.56,0.81,2.2,1.37
48,309,0.16,0.61,1.21,0.91,1.92
48,311,0.73,25.2,2.17,6.97,1.44
48,313,1.3,6.81,1.88,2.07,1.8
48,315,0.18,1.52,0.38,0.7,0.54
48,317,1.01,4.74,2.76,7.89,1.04
48,319,0.62,3.29,1.23,1.8,1.36
48,321,0.34,1.44,0.81,2.23,0.73
48,323,0.18,1.04,0.4,0.47,0.73
48,325,0.14,1.32,0.69,0.89,0.67
48,327,1.54,4.88,2.04,3.53,1.19
48,329,0.37,22.56,1.07,2.51,1.29
48,331,0.17,2.47,0.97,0.42,0.47
48,333,0.43,2.35,1.28,1.51,1.19
48,335,1.34,9.85,0.79,1.52,0.88
48,337,0.3,7.08,0.6,0.83,0.77
48,339,0.18,2.77,0.87,1.71,0.92
48,341,0.54,4.7,0.98,6.15,0.97
48,343,0.47,3.67,0.99,1.19,6.95
48,345,2.37,5.62,3.29,5.04,3.06
48,347,0.2,0.54,0.68,0.85,1.59
48,349,0.2,0.55,0.63,2.84,2.58
48,351,0.49,0.88,0.38,0.82,0.33
48,353,1.57,2.61,0.87,1.5,0.64
48,355,0.43,3.73,1.27,2.59,0.99
48,357,0.58,25.86,1.25,7.25,1.29
48,359,2.29,3.88,2.65,11.76,1.66
48,361,0.46,0.68,1.06,3.96,0.66
48,363,0.14,5.17,0.55,0.91,0.44
48,365,0.26,9.4,1.85,9.88,1.14
48,367,0.15,3.04,0.71,1.07,1.53
48,369,0.67,0.84,0.68,0.87,1.15
48,371,0.48,11.76,0.85,4.65,1.18
48,373,0.32,0.55,0.58,0.62,0.68
48,375,0.36,1.78,1.69,2.0,2.41
48,377,1.28,0.98,0.86,1.5,0.41
48,379,0.23,0.63,0.69,1.02,2.07
48,381,0.15,0.42,0.57,0.73,0.9
48,383,1.09,30.15,2.16,10.73,1.85
48,385,0.71,2.88,2.02,3.65,0.96
48,387,0.23,1.42,0.48,1.02,0.24
48,389,0.33,5.5,1.16,1.75,0.56
48,391,0.66,11.62,1.4,2.44,0.52
48,393,1.58,12.07,3.63,7.29,2.43
48,395,0.9,2.53,0.69,2.49,0.4
48,397,0.18,0.4,0.92,0.77,0.86
48,399,0.61,2.21,1.25,1.07,2.74
48,401,0.21,4.48,0.63,3.23,1.4
48,403,0.33,2.58,1.08,1.02,0.74
48,405,0.51,1.28,1.23,8.95,0.61
48,407,0.13,0.42,0.34,0.75,0.15
48,409,0.54,2.48,0.82,2.21,0.47
48,411,1.73,1.71,0.9,3.59,1.21
48,413,0.64,8.94,1.86,17.93,1.14
48,415,0.82,26.52,1.18,6.37,1.64
48,417,0.75,24.53,1.25,2.42,0.86
48,419,0.46,3.49,0.8,1.25,0.66
48,421,0.84,3.03,1.25,2.66,1.46
48,423,0.3,2.08,1.2,0.91,1.35
48,425,0.23,1.47,0.8,1.45,1.09
48,427,0.07,0.93,0.23,0.28,0.19
48,429,0.5,9.76,1.34,1.96,0.72
48,431,1.35,19.29,3.37,9.05,1.69
48,433,1.14,15.56,3.44,4.21,2.46
48,435,0.93,23.85,2.36,3.12,1.18
48,437,0.45,1.31,0.73,2.94,1.13
48,439,0.21,1.23,1.05,0.85,2.07
48,441,0.29,1.65,1.12,1.29,1.64
48,443,2.1,7.68,4.29,7.75,3.91
48,445,0.67,8.75,0.75,0.81,0.85
48,447,3.78,12.99,2.37,3.51,10.13
48,449,0.16,2.77,0.63,0.61,10.8
48,451,0.25,1.99,0.97,1.39,1.69
48,453,0.65,1.06,1.68,1.3,0.96
48,455,0.46,0.91,0.88,0.86,0.32
48,457,0.53,0.67,0.42,1.42,0.51
48,459,0.46,0.83,0.67,1.19,0.62
48,461,1.01,28.92,1.2,6.24,0.9
48,463,0.24,0.66,0.7,1.01,1.05
48,465,0.19,0.37,0.58,0.56,1.26
48,467,0.22,0.35,0.63,0.65,1.38
48,469,0.23,4.36,0.91,1.63,0.86
48,471,0.2,1.6,0.6,0.82,1.07
48,473,0.16,3.67,0.85,0.65,2.01
48,475,0.42,23.44,1.24,3.27,0.84
48,477,0.27,1.92,1.11,1.23,0.75
48,479,0.15,1.43,0.57,0.74,1.42
48,481,0.51,3.92,0.7,1.23,0.96
48,483,0.98,17.42,1.03,3.39,1.13
48,485,0.27,2.11,0.8,0.89,1.15
48,487,0.38,4.69,0.63,1.4,0.58
48,489,0.27,0.67,0.33,0.45,0.29
48,491,0.24,0.32,0.79,0.83,0.68
48,493,0.11,1.37,0.56,0.57,0.66
48,495,0.85,20.64,1.97,8.36,1.52
48,497,0.14,5.64,0.67,1.12,2.53
48,499,0.42,1.22,0.52,1.6,1.74
48,501,0.97,26.84,1.33,6.96,1.37
48,503,0.33,9.26,0.68,1.47,0.97
48,505,0.32,14.18,0.73,0.9,0.42
48,507,0.28,1.98,1.05,1.36,0.41
49,1,0.08,0.24,0.88,0.3,1.19
49,3,0.13,0.5,3.51,0.27,6.83
49,5,0.1,0.3,1.37,0.25,1.45
49,7,0.24,2.13,1.42,1.16,1.16
49,9,0.01,1.35,0.67,2.63,0.07
49,11,0.13,0.72,1.97,0.26,1.69
49,13,0.36,20.65,1.56,1.53,1.23
49,15,0.16,7.78,0.62,1.88,0.49
49,17,0.55,0.26,0.41,0.77,0.21
49,19,0.29,0.74,1.12,1.44,0.45
49,21,0.16,0.24,1.26,0.41,0.84
49,23,0.09,0.24,2.0,0.64,0.64
49,25,0.13,0.12,0.82,0.91,0.85
49,27,0.22,5.82,0.54,0.7,0.61
49,29,0.29,0.41,1.93,0.42,0.64
49,31,0.14,0.06,0.59,0.05,1.16
49,33,0.11,0.65,1.04,0.04,1.24
49,35,0.32,0.79,2.23,0.59,1.44
49,37,0.15,3.48,0.92,0.36,0.53
49,39,0.3,0.16,0.89,0.15,1.12
49,41,0.15,0.38,5.35,0.76,2.04
49,43,0.35,0.32,1.77,0.48,0.36
49,45,0.05,0.17,0.77,0.27,0.65
49,47,1.89,11.75,1.59,1.13,1.44
49,49,1.44,0.49,2.15,0.38,0.85
49,51,0.13,0.32,1.81,1.57,0.71
49,53,0.19,0.48,2.13,0.46,1.52
49,55,0.16,0.15,2.51,1.41,1.73
49,57,0.14,0.33,2.23,0.33,3.23
50,1,1.2,0.14,2.56,0.32,0.58
50,3,1.44,0.14,2.41,0.2,1.82
50,5,1.75,0.1,2.41,0.64,0.78
50,7,1.27,0.25,5.25,0.6,1.53
50,9,2.6,0.06,1.36,0.11,0.49
50,11,0.65,0.05,1.09,0.15,0.48
50,13,0.72,0.05,1.72,0.24,0.44
50,15,0.84,0.17,3.11,0.67,0.69
50,17,1.48,0.08,1.98,0.48,0.63
50,19,1.34,0.11,2.55,0.35,0.67
50,21,0.81,0.2,2.89,1.58,0.88
50,23,2.02,0.14,2.5,0.44,0.99
50,25,1.75,0.15,2.87,0.31,1.22
50,27,1.83,0.13,3.06,0.5,0.97
51,1,0.14,0.17,1.5,0.96,0.54
51,3,0.32,0.15,1.35,0.34,0.57
51,5,0.2,0.15,1.04,0.69,0.58
51,7,0.53,0.16,1.32,0.35,0.79
51,9,0.31,0.05,0.96,7.12,0.85
51,11,0.49,0.16,1.2,0.71,0.57
51,13,0.19,0.45,2.08,0.55,0.67
51,15,0.07,0.09,1.62,0.57,0.97
51,17,0.84,0.2,2.26,4.56,0.44
51,19,0.23,0.09,1.03,0.49,0.63
51,21,0.2,0.53,2.24,0.45,0.63
51,23,0.21,0.2,0.84,0.67,7.84
51,25,2.6,0.11,1.15,0.32,1.01
51,27,0.42,1.21,1.82,0.88,0.7
51,29,0.9,0.1,1.02,1.86,0.67
51,31,0.2,0.14,2.06,0.69,2.46
51,33,0.21,0.12,0.62,0.97,1.37
51,35,0.91,0.06,0.75,0.18,0.59
51,36,0.45,0.17,2.02,0.5,1.43
51,37,1.24,0.09,0.69,0.34,0.79
51,41,0.12,0.28,1.63,0.55,0.97
51,43,0.18,0.12,1.38,0.21,1.07
51,45,0.2,0.15,0.85,3.22,0.45
51,47,0.14,0.08,1.1,0.83,1.29
51,49,0.31,0.08,1.03,0.35,0.59
51,51,0.38,1.96,1.4,0.75,0.72
51,53,0.13,0.06,0.95,0.33,0.96
51,57,0.19,0.1,0.77,0.18,5.11
51,59,0.17,0.36,2.79,0.53,0.76
51,61,0.13,0.18,1.87,0.36,1.12
51,63,0.27,0.13,0.84,0.24,0.8
51,65,0.39,0.94,0.92,0.52,0.17
51,67,0.22,0.08,1.11,0.32,0.86
51,69,0.1,0.13,1.2,0.36,0.83
51,71,0.17,1.81,2.27,0.8,0.95
51,73,0.13,0.07,0.81,0.17,0.6
51,75,0.12,0.21,2.88,1.73,0.48
51,77,0.28,0.05,0.4,0.12,0.4
51,79,0.12,0.14,1.07,0.25,0.58
51,81,0.13,0.8,1.15,0.54,1.1
51,83,0.62,0.09,1.33,1.61,0.85
51,85,0.28,0.24,2.42,0.5,2.22
51,87,0.16,0.41,1.93,0.44,0.88
51,89,0.09,0.1,0.88,0.21,1.02
51,91,1.2,0.25,1.97,0.9,1.29
51,93,0.11,0.06,0.68,0.6,1.0
51,95,0.1,0.11,1.41,0.26,0.64
51,97,0.95,0.11,0.98,0.25,0.35
51,99,0.26,0.54,2.09,0.42,0.9
51,101,0.59,0.08,0.9,0.22,0.69
51,103,0.22,0.6,1.9,0.69,1.49
51,105,0.39,0.29,1.14,0.78,0.57
51,107,0.12,0.17,2.0,0.58,1.02
51,109,0.17,0.05,1.01,2.05,0.74
51,111,0.78,0.08,0.98,0.38,1.42
51,113,0.29,0.09,1.35,0.23,0.57
51,115,0.14,0.13,0.93,0.25,0.78
51,117,0.49,0.19,1.48,1.2,1.61
51,119,0.16,0.11,1.25,0.23,0.65
51,121,0.11,0.13,1.51,0.27,3.19
51,125,0.86,0.17,1.1,1.23,0.64
51,127,0.18,0.18,1.77,0.44,0.69
51,131,0.57,0.15,0.78,0.21,0.6
51,133,0.26,0.11,1.29,0.24,1.19
51,135,0.27,0.07,0.73,0.7,0.68
51,137,0.14,0.13,0.83,0.22,0.87
51,139,0.23,0.13,0.87,0.46,0.44
51,141,0.56,0.15,0.73,0.23,0.44
51,143,0.23,0.04,0.9,0.5,1.48
51,145,0.18,0.16,2.18,0.45,1.79
51,147,0.37,0.11,1.07,0.31,1.06
51,149,0.11,0.13,1.24,0.45,2.44
51,153,0.08,0.16,1.42,0.62,0.73
51,155,0.25,0.43,0.76,0.43,24.13
51,157,0.28,0.11,1.44,0.34,0.52
51,159,0.28,0.15,1.31,2.53,0.87
51,161,0.29,0.2,1.05,0.57,0.99
51,163,0.18,0.15,1.16,0.93,1.08
51,165,0.13,0.1,1.33,0.25,1.15
51,167,0.25,0.6,1.47,0.67,0.46
51,169,0.24,0.7,0.6,0.21,0.18
51,171,0.16,0.11,0.88,0.89,1.0
51,173,0.12,2.04,1.3,0.29,13.5
51,175,0.47,0.08,0.56,0.25,0.5
51,177,0.08,0.11,0.95,0.36,1.05
51,179,0.09,0.08,1.03,0.38,1.54
51,181,0.2,0.09,1.09,2.71,0.28
51,183,0.23,0.2,1.08,1.31,1.38
51,185,0.25,1.67,1.42,0.86,0.96
51,187,0.13,0.29,0.7,0.75,0.65
51,191,0.14,0.92,1.34,0.37,4.65
51,193,0.15,0.06,0.75,0.17,3.24
51,195,0.23,0.6,1.3,0.75,0.71
51,197,0.16,0.07,0.85,0.24,6.34
51,199,0.1,0.38,1.76,0.33,1.2
51,510,0.18,0.46,2.27,0.3,0.79
51,520,0.15,0.24,1.63,0.5,1.72
51,530,0.16,0.1,2.39,0.24,0.32
51,540,0.83,0.26,2.77,0.87,1.25
51,550,0.15,0.21,2.18,0.82,1.61
51,570,0.2,0.17,1.72,0.29,1.65
51,580,0.91,0.34,4.27,1.22,2.08
51,590,0.36,0.12,1.01,0.21,0.89
51,595,0.36,0.37,1.67,1.51,2.03
51,600,0.29,0.69,5.0,0.83,2.39
51,610,0.27,0.36,2.42,0.41,4.35
51,620,0.34,0.29,0.93,0.3,1.32
51,630,0.23,0.24,2.31,0.62,1.61
51,640,0.44,0.66,1.59,0.92,1.92
51,650,0.11,0.13,1.48,0.49,1.09
51,660,0.17,0.17,2.73,0.29,6.76
51,670,0.14,0.93,0.77,0.13,0.69
51,678,0.06,0.34,2.39,0.55,0.55
51,680,0.37,0.32,3.12,0.78,1.43
51,683,0.26,0.36,4.2,0.73,2.24
51,685,0.18,0.19,3.06,0.28,1.91
51,690,0.4,0.17,1.28,0.54,0.71
51,700,0.13,0.13,1.52,0.5,1.17
51,710,0.14,0.22,2.03,0.72,1.35
51,720,0.55,4.37,3.95,2.45,1.54
51,730,0.17,0.1,1.55,1.11,1.16
51,735,0.05,0.06,0.72,0.21,0.55
51,740,0.11,0.19,1.53,0.27,1.17
51,750,0.1,0.21,1.79,0.69,0.44
51,760,0.2,0.42,2.63,1.34,1.39
51,770,0.24,0.25,3.34,1.61,1.51
51,775,0.19,0.37,2.42,0.65,2.33
51,790,0.19,0.14,1.12,0.81,0.93
51,800,0.08,0.08,0.98,0.54,0.63
51,810,0.14,0.19,1.65,0.25,1.03
51,820,0.18,0.14,1.07,0.61,0.91
51,830,0.4,0.15,1.07,0.25,0.43
51,840,0.25,0.2,1.66,0.24,2.04
53,1,0.15,0.03,0.54,0.93,0.66
53,3,0.15,0.06,1.35,1.02,0.34
53,5,0.27,0.18,2.58,1.06,0.91
53,7,0.19,0.07,1.31,0.42,0.52
53,9,0.47,0.07,1.17,0.34,0.86
53,11,0.23,0.1,1.93,0.71,0.89
53,13,0.4,0.1,1.27,7.66,0.49
53,15,0.52,0.19,1.23,1.1,0.86
53,17,0.11,0.06,0.87,0.23,0.24
53,19,0.47,0.1,1.47,0.62,0.36
53,21,0.13,0.14,1.22,0.64,0.85
53,23,0.34,0.14,1.62,4.18,0.92
53,25,0.16,0.07,1.18,0.43,1.6
53,27,0.36,0.07,1.17,0.55,0.89
53,29,0.09,0.04,0.79,0.26,0.54
53,31,0.23,0.21,1.51,1.16,0.69
53,33,0.38,0.2,2.41,1.15,1.02
53,35,0.15,0.08,1.17,0.55,0.61
53,37,0.21,0.06,1.1,1.43,0.58
53,39,0.57,0.05,0.8,1.19,0.35
53,41,0.67,0.61,1.11,0.75,2.0
53,43,0.24,0.17,1.64,1.46,0.21
53,45,0.28,0.04,0.76,0.23,0.54
53,47,0.34,0.03,0.78,0.78,0.38
53,49,0.62,0.05,0.83,0.33,0.37
53,51,0.38,0.08,1.46,0.68,0.36
53,53,0.36,0.15,1.38,0.92,0.96
53,55,0.25,0.09,2.37,2.16,0.36
53,57,0.89,1.55,1.61,1.4,0.77
53,59,0.11,0.04,0.76,0.33,0.27
53,61,0.29,0.09,1.46,0.49,0.7
53,63,0.17,0.12,1.6,1.06,1.16
53,65,2.21,0.03,0.97,1.21,1.34
53,67,0.2,0.07,1.14,0.49,0.81
53,69,2.74,0.47,1.91,1.05,0.68
53,71,0.41,0.06,0.97,1.32,0.73
53,73,0.96,1.03,1.76,0.94,0.86
53,75,0.1,0.05,0.74,1.44,0.35
53,77,0.2,0.07,1.07,0.53,0.82
54,1,0.13,1.3,0.57,1.19,0.21
54,3,0.07,0.47,0.42,0.63,0.97
54,5,0.24,1.88,0.38,0.81,0.65
54,7,0.21,1.45,0.8,2.01,0.6
54,9,0.08,1.35,0.65,1.09,0.38
54,11,0.17,1.95,1.13,1.62,1.17
54,13,0.27,6.85,1.17,4.59,0.45
54,15,0.15,3.75,0.71,1.07,0.5
54,17,0.11,4.39,0.6,1.69,0.28
54,19,0.16,1.09,0.48,0.63,0.42
54,21,0.44,8.98,0.55,2.3,0.75
54,23,0.23,4.6,1.27,2.88,0.64
54,25,0.19,1.11,0.7,0.82,0.35
54,27,0.09,0.74,0.35,0.82,0.55
54,29,0.14,8.43,0.7,1.25,0.64
54,31,0.22,1.06,0.52,0.88,0.79
54,33,0.21,3.72,1.41,2.15,1.13
54,35,0.1,0.91,0.43,1.3,2.43
54,37,0.06,1.7,0.4,0.51,0.52
54,39,0.3,2.34,1.44,2.53,2.42
54,41,0.2,8.07,0.96,3.78,0.65
54,43,0.09,1.83,0.58,2.53,0.21
54,45,0.18,1.77,0.63,1.32,0.72
54,47,0.32,1.6,0.37,1.64,0.43
54,49,0.25,2.43,0.73,1.08,0.79
54,51,0.1,2.94,0.4,1.17,0.28
54,53,0.09,3.11,0.64,1.48,0.29
54,55,0.14,2.05,0.8,1.11,0.88
54,57,0.08,0.71,0.53,0.84,0.4
54,59,0.37,1.73,0.66,2.15,0.39
54,61,0.15,1.82,1.02,0.98,0.87
54,63,0.21,0.91,0.44,0.76,1.36
54,65,0.13,0.97,0.3,0.8,0.55
54,67,0.37,1.9,0.6,0.96,0.68
54,69,0.22,2.49,1.44,1.54,1.55
54,71,0.09,1.48,0.42,1.4,1.03
54,73,0.23,15.57,1.23,4.65,0.45
54,75,0.37,1.48,0.55,1.11,0.49
54,77,0.15,0.6,0.96,1.76,0.59
54,79,0.18,2.59,1.82,2.65,5.76
54,81,0.19,1.25,0.99,1.04,1.28
54,83,0.21,0.96,0.86,1.63,0.77
54,85,0.32,10.66,0.65,2.72,2.59
54,87,0.15,7.48,0.64,1.58,0.53
54,89,0.1,1.41,0.56,1.46,0.49
54,91,0.04,0.71,0.44,0.62,0.25
54,93,0.6,1.59,1.19,2.39,0.7
54,95,0.08,2.79,0.47,2.09,0.85
54,97,0.4,2.25,0.92,1.78,0.65
54,99,0.09,0.9,0.56,0.88,0.37
54,101,0.62,1.74,0.84,1.35,0.4
54,103,0.17,2.72,0.8,1.59,0.7
54,105,0.13,3.08,0.73,1.7,0.47
54,107,0.14,1.44,0.94,1.27,0.99
54,109,0.23,2.17,0.59,1.42,0.25
55,1,0.79,0.25,0.8,1.54,0.54
55,3,0.32,0.36,2.22,0.62,0.82
55,5,0.29,0.12,1.46,0.71,2.05
55,7,0.21,0.11,1.2,0.33,0.29
55,9,0.18,0.36,2.64,0.79,1.37
55,11,0.24,2.24,0.89,0.48,0.85
55,13,0.26,0.09,0.85,0.86,0.66
55,15,0.1,0.16,0.8,0.2,0.53
55,17,0.22,0.15,2.19,0.79,0.82
55,19,0.15,0.05,1.27,0.51,0.55
55,21,0.34,1.13,1.38,0.27,0.98
55,23,0.4,0.47,1.65,0.25,0.56
55,25,0.32,0.37,2.62,0.83,1.47
55,27,0.14,0.15,1.5,1.35,1.76
55,29,0.25,0.12,1.71,0.33,0.53
55,31,0.15,0.86,1.5,2.27,1.42
55,33,0.18,0.17,1.4,0.48,0.9
55,35,0.18,0.16,2.32,0.48,1.99
55,37,0.59,0.22,1.25,0.53,0.52
55,39,0.08,0.31,2.11,0.58,1.8
55,41,0.44,0.13,1.34,0.82,3.08
55,43,0.21,0.08,1.14,0.62,0.88
55,45,0.38,0.12,1.1,0.54,2.54
55,47,0.09,0.09,1.15,0.56,1.14
55,49,0.31,0.11,1.49,1.07,0.47
55,51,0.61,0.28,3.18,0.47,0.51
55,53,0.37,0.21,4.07,0.97,3.28
55,55,0.2,0.29,1.59,0.42,0.83
55,57,0.23,0.23,1.66,0.5,0.8
55,59,0.1,0.45,0.93,0.23,1.33
55,61,0.37,0.1,1.55,0.5,0.51
55,63,0.14,0.21,2.49,0.33,1.39
55,65,0.24,0.06,0.99,0.39,1.23
55,67,0.54,0.13,1.07,0.48,1.36
55,69,0.23,0.12,1.49,0.34,0.96
55,71,0.2,0.11,1.9,0.73,1.94
55,73,0.19,0.78,3.03,0.43,2.13
55,75,0.31,0.22,1.83,0.65,5.47
55,77,0.55,0.08,0.48,0.3,0.69
55,78,0.26,0.22,1.2,0.38,0.38
55,79,0.23,0.54,1.96,0.65,1.25
55,81,0.21,0.11,1.4,0.57,2.07
55,83,0.14,0.05,0.58,0.26,0.38
55,85,0.3,0.17,2.11,0.53,1.0
55,87,0.23,0.27,3.12,0.69,1.79
55,89,0.26,0.3,1.83,0.35,1.47
55,91,0.12,0.22,2.06,0.42,1.1
55,93,0.19,0.05,0.73,0.33,0.32
55,95,0.24,0.17,1.6,0.54,1.17
55,97,0.38,0.19,1.56,0.46,0.91
55,99,0.4,0.14,1.99,0.71,1.09
55,101,0.14,0.16,2.18,0.45,2.36
55,103,0.16,0.09,0.88,0.3,0.5
55,105,0.16,0.22,1.62,0.57,1.98
55,107,0.26,1.01,0.61,0.55,0.53
55,109,0.34,0.14,2.07,0.63,1.3
55,111,0.3,0.15,2.48,0.5,3.27
55,113,0.44,0.13,1.56,0.65,0.98
55,115,0.19,0.07,0.8,0.22,0.91
55,117,0.23,0.42,1.55,0.41,0.72
55,119,0.23,0.08,0.88,0.26,0.56
55,121,0.3,0.24,1.95,0.43,1.07
55,123,0.22,1.11,0.6,0.32,0.33
55,125,0.31,0.11,1.91,0.93,0.93
55,127,0.17,0.17,1.15,0.24,0.77
55,129,0.3,0.11,0.79,0.29,0.93
55,131,0.25,0.16,1.74,0.29,1.66
55,133,0.38,0.31,3.5,1.26,1.37
55,135,0.19,0.06,0.81,0.49,3.24
55,137,0.44,0.12,0.69,0.47,1.8
55,139,0.21,0.2,2.46,0.66,5.71
55,141,0.31,0.15,1.96,0.67,2.28
56,1,0.18,1.39,1.75,1.24,1.02
56,3,0.25,1.56,1.9,1.69,0.36
56,5,0.1,10.04,3.01,4.7,1.38
56,7,0.21,11.69,2.23,7.54,0.92
56,9,0.37,9.1,1.29,3.79,0.7
56,11,0.6,6.21,2.13,2.82,0.79
56,13,0.17,3.78,1.85,1.92,1.36
56,15,0.08,0.73,1.15,1.79,0.75
56,17,0.15,10.7,1.86,2.09,0.61
56,19,0.26,3.65,2.35,2.44,1.38
56,21,0.14,3.08,2.49,2.58,1.2
56,23,0.13,6.72,2.74,2.62,1.13
56,25,0.14,8.56,3.26,4.37,1.92
56,27,0.16,4.03,1.67,3.83,0.58
56,29,0.21,4.02,2.52,2.26,0.92
56,31,0.23,9.03,1.79,3.27,0.46
56,33,0.13,3.27,3.17,2.32,1.16
56,35,0.25,19.36,3.0,6.76,1.09
56,37,0.1,13.06,2.55,4.2,1.1
56,39,0.15,2.37,5.18,2.31,1.1
56,41,0.34,5.53,2.1,8.61,0.71
56,43,0.17,3.23,2.28,3.08,1.33
56,45,0.33,7.61,1.49,2.0,0.72
