STATEFP,homeless_per_10000,COUNTYFP
02,26.07,013
02,26.07,016
02,26.07,020
02,26.07,050
02,26.07,060
02,26.07,068
02,26.07,070
02,26.07,090
02,26.07,100
02,26.07,105
02,26.07,110
02,26.07,122
02,26.07,130
02,26.07,150
02,26.07,158
02,26.07,164
02,26.07,170
02,26.07,180
02,26.07,185
02,26.07,188
02,26.07,195
02,26.07,198
02,26.07,220
02,26.07,230
02,26.07,240
02,26.07,261
02,26.07,275
02,26.07,282
02,26.07,290
01,6.65,001
01,6.65,003
01,6.65,005
01,6.65,007
01,6.65,009
01,6.65,011
01,6.65,013
01,6.65,015
01,6.65,017
01,6.65,019
01,6.65,021
01,6.65,023
01,6.65,025
01,6.65,027
01,6.65,029
01,6.65,031
01,6.65,033
01,6.65,035
01,6.65,037
01,6.65,039
01,6.65,041
01,6.65,043
01,6.65,045
01,6.65,047
01,6.65,049
01,6.65,051
01,6.65,053
01,6.65,055
01,6.65,057
01,6.65,059
01,6.65,061
01,6.65,063
01,6.65,065
01,6.65,067
01,6.65,069
01,6.65,071
01,6.65,073
01,6.65,075
01,6.65,077
01,6.65,079
01,6.65,081
01,6.65,083
01,6.65,085
01,6.65,087
01,6.65,089
01,6.65,091
01,6.65,093
01,6.65,095
01,6.65,097
01,6.65,099
01,6.65,101
01,6.65,103
01,6.65,105
01,6.65,107
01,6.65,109
01,6.65,111
01,6.65,113
01,6.65,115
01,6.65,117
01,6.65,119
01,6.65,121
01,6.65,123
01,6.65,125
01,6.65,127
01,6.65,129
01,6.65,131
01,6.65,133
05,9.0,001
05,9.0,003
05,9.0,005
05,9.0,007
05,9.0,009
05,9.0,011
05,9.0,013
05,9.0,015
05,9.0,017
05,9.0,019
05,9.0,021
05,9.0,023
05,9.0,025
05,9.0,027
05,9.0,029
05,9.0,031
05,9.0,033
05,9.0,035
05,9.0,037
05,9.0,039
05,9.0,041
05,9.0,043
05,9.0,045
05,9.0,047
05,9.0,049
05,9.0,051
05,9.0,053
05,9.0,055
05,9.0,057
05,9.0,059
05,9.0,061
05,9.0,063
05,9.0,065
05,9.0,067
05,9.0,069
05,9.0,071
05,9.0,073
05,9.0,075
05,9.0,077
05,9.0,079
05,9.0,081
05,9.0,083
05,9.0,085
05,9.0,087
05,9.0,089
05,9.0,091
05,9.0,093
05,9.0,095
05,9.0,097
05,9.0,099
05,9.0,101
05,9.0,103
05,9.0,105
05,9.0,107
05,9.0,109
05,9.0,111
05,9.0,113
05,9.0,115
05,9.0,117
05,9.0,119
05,9.0,121
05,9.0,123
05,9.0,125
05,9.0,127
05,9.0,129
05,9.0,131
05,9.0,133
05,9.0,135
05,9.0,137
05,9.0,139
05,9.0,141
05,9.0,143
05,9.0,145
05,9.0,147
05,9.0,149
04,13.75,001
04,13.75,003
04,13.75,005
04,13.75,007
04,13.75,009
04,13.75,011
04,13.75,012
04,13.75,013
04,13.75,015
04,13.75,017
04,13.75,019
04,13.75,021
04,13.75,023
04,13.75,025
04,13.75,027
06,38.29,001
06,38.29,003
06,38.29,005
06,38.29,007
06,38.29,009
06,38.29,011
06,38.29,013
06,38.29,015
06,38.29,017
06,38.29,019
06,38.29,021
06,38.29,023
06,38.29,025
06,38.29,027
06,38.29,029
06,38.29,031
06,38.29,033
06,38.29,035
06,38.29,037
06,38.29,039
06,38.29,041
06,38.29,043
06,38.29,045
06,38.29,047
06,38.29,049
06,38.29,051
06,38.29,053
06,38.29,055
06,38.29,057
06,38.29,059
06,38.29,061
06,38.29,063
06,38.29,065
06,38.29,067
06,38.29,069
06,38.29,071
06,38.29,073
06,38.29,075
06,38.29,077
06,38.29,079
06,38.29,081
06,38.29,083
06,38.29,085
06,38.29,087
06,38.29,089
06,38.29,091
06,38.29,093
06,38.29,095
06,38.29,097
06,38.29,099
06,38.29,101
06,38.29,103
06,38.29,105
06,38.29,107
06,38.29,109
06,38.29,111
06,38.29,113
06,38.29,115
08,16.7,001
08,16.7,003
08,16.7,005
08,16.7,007
08,16.7,009
08,16.7,011
08,16.7,013
08,16.7,014
08,16.7,015
08,16.7,017
08,16.7,019
08,16.7,021
08,16.7,023
08,16.7,025
08,16.7,027
08,16.7,029
08,16.7,031
08,16.7,033
08,16.7,035
08,16.7,037
08,16.7,039
08,16.7,041
08,16.7,043
08,16.7,045
08,16.7,047
08,16.7,049
08,16.7,051
08,16.7,053
08,16.7,055
08,16.7,057
08,16.7,059
08,16.7,061
08,16.7,063
08,16.7,065
08,16.7,067
08,16.7,069
08,16.7,071
08,16.7,073
08,16.7,075
08,16.7,077
08,16.7,079
08,16.7,081
08,16.7,083
08,16.7,085
08,16.7,087
08,16.7,089
08,16.7,091
08,16.7,093
08,16.7,095
08,16.7,097
08,16.7,099
08,16.7,101
08,16.7,103
08,16.7,105
08,16.7,107
08,16.7,109
08,16.7,111
08,16.7,113
08,16.7,115
08,16.7,117
08,16.7,119
08,16.7,121
08,16.7,123
08,16.7,125
09,8.51,001
09,8.51,003
09,8.51,005
09,8.51,007
09,8.51,009
09,8.51,011
09,8.51,013
09,8.51,015
11,92.4,001
10,9.46,001
10,9.46,003
10,9.46,005
12,13.19,001
12,13.19,003
12,13.19,005
12,13.19,007
12,13.19,009
12,13.19,011
12,13.19,013
12,13.19,015
12,13.19,017
12,13.19,019
12,13.19,021
12,13.19,023
12,13.19,027
12,13.19,029
12,13.19,031
12,13.19,033
12,13.19,035
12,13.19,037
12,13.19,039
12,13.19,041
12,13.19,043
12,13.19,045
12,13.19,047
12,13.19,049
12,13.19,051
12,13.19,053
12,13.19,055
12,13.19,057
12,13.19,059
12,13.19,061
12,13.19,063
12,13.19,065
12,13.19,067
12,13.19,069
12,13.19,071
12,13.19,073
12,13.19,075
12,13.19,077
12,13.19,079
12,13.19,081
12,13.19,083
12,13.19,085
12,13.19,086
12,13.19,087
12,13.19,089
12,13.19,091
12,13.19,093
12,13.19,095
12,13.19,097
12,13.19,099
12,13.19,101
12,13.19,103
12,13.19,105
12,13.19,107
12,13.19,109
12,13.19,111
12,13.19,113
12,13.19,115
12,13.19,117
12,13.19,119
12,13.19,121
12,13.19,123
12,13.19,125
12,13.19,127
12,13.19,129
12,13.19,131
12,13.19,133
13,9.84,001
13,9.84,003
13,9.84,005
13,9.84,007
13,9.84,009
13,9.84,011
13,9.84,013
13,9.84,015
13,9.84,017
13,9.84,019
13,9.84,021
13,9.84,023
13,9.84,025
13,9.84,027
13,9.84,029
13,9.84,031
13,9.84,033
13,9.84,035
13,9.84,037
13,9.84,039
13,9.84,043
13,9.84,045
13,9.84,047
13,9.84,049
13,9.84,051
13,9.84,053
13,9.84,055
13,9.84,057
13,9.84,059
13,9.84,061
13,9.84,063
13,9.84,065
13,9.84,067
13,9.84,069
13,9.84,071
13,9.84,073
13,9.84,075
13,9.84,077
13,9.84,079
13,9.84,081
13,9.84,083
13,9.84,085
13,9.84,087
13,9.84,089
13,9.84,091
13,9.84,093
13,9.84,095
13,9.84,097
13,9.84,099
13,9.84,101
13,9.84,103
13,9.84,105
13,9.84,107
13,9.84,109
13,9.84,111
13,9.84,113
13,9.84,115
13,9.84,117
13,9.84,119
13,9.84,121
13,9.84,123
13,9.84,125
13,9.84,127
13,9.84,129
13,9.84,131
13,9.84,133
13,9.84,135
13,9.84,137
13,9.84,139
13,9.84,141
13,9.84,143
13,9.84,145
13,9.84,147
13,9.84,149
13,9.84,151
13,9.84,153
13,9.84,155
13,9.84,157
13,9.84,159
13,9.84,161
13,9.84,163
13,9.84,165
13,9.84,167
13,9.84,169
13,9.84,171
13,9.84,173
13,9.84,175
13,9.84,177
13,9.84,179
13,9.84,181
13,9.84,183
13,9.84,185
13,9.84,187
13,9.84,189
13,9.84,191
13,9.84,193
13,9.84,195
13,9.84,197
13,9.84,199
13,9.84,201
13,9.84,205
13,9.84,207
13,9.84,209
13,9.84,211
13,9.84,213
13,9.84,215
13,9.84,217
13,9.84,219
13,9.84,221
13,9.84,223
13,9.84,225
13,9.84,227
13,9.84,229
13,9.84,231
13,9.84,233
13,9.84,235
13,9.84,237
13,9.84,239
13,9.84,241
13,9.84,243
13,9.84,245
13,9.84,247
13,9.84,249
13,9.84,251
13,9.84,253
13,9.84,255
13,9.84,257
13,9.84,259
13,9.84,261
13,9.84,263
13,9.84,265
13,9.84,267
13,9.84,269
13,9.84,271
13,9.84,273
13,9.84,275
13,9.84,277
13,9.84,279
13,9.84,281
13,9.84,283
13,9.84,285
13,9.84,287
13,9.84,289
13,9.84,291
13,9.84,293
13,9.84,295
13,9.84,297
13,9.84,299
13,9.84,301
13,9.84,303
13,9.84,305
13,9.84,307
13,9.84,309
13,9.84,311
13,9.84,313
13,9.84,315
13,9.84,317
13,9.84,319
13,9.84,321
15,45.29,001
15,45.29,003
15,45.29,005
15,45.29,007
15,45.29,009
19,7.34,001
19,7.34,003
19,7.34,005
19,7.34,007
19,7.34,009
19,7.34,011
19,7.34,013
19,7.34,015
19,7.34,017
19,7.34,019
19,7.34,021
19,7.34,023
19,7.34,025
19,7.34,027
19,7.34,029
19,7.34,031
19,7.34,033
19,7.34,035
19,7.34,037
19,7.34,039
19,7.34,041
19,7.34,043
19,7.34,045
19,7.34,047
19,7.34,049
19,7.34,051
19,7.34,053
19,7.34,055
19,7.34,057
19,7.34,059
19,7.34,061
19,7.34,063
19,7.34,065
19,7.34,067
19,7.34,069
19,7.34,071
19,7.34,073
19,7.34,075
19,7.34,077
19,7.34,079
19,7.34,081
19,7.34,083
19,7.34,085
19,7.34,087
19,7.34,089
19,7.34,091
19,7.34,093
19,7.34,095
19,7.34,097
19,7.34,099
19,7.34,101
19,7.34,103
19,7.34,105
19,7.34,107
19,7.34,109
19,7.34,111
19,7.34,113
19,7.34,115
19,7.34,117
19,7.34,119
19,7.34,121
19,7.34,123
19,7.34,125
19,7.34,127
19,7.34,129
19,7.34,131
19,7.34,133
19,7.34,135
19,7.34,137
19,7.34,139
19,7.34,141
19,7.34,143
19,7.34,145
19,7.34,147
19,7.34,149
19,7.34,151
19,7.34,153
19,7.34,155
19,7.34,157
19,7.34,159
19,7.34,161
19,7.34,163
19,7.34,165
19,7.34,167
19,7.34,169
19,7.34,171
19,7.34,173
19,7.34,175
19,7.34,177
19,7.34,179
19,7.34,181
19,7.34,183
19,7.34,185
19,7.34,187
19,7.34,189
19,7.34,191
19,7.34,193
19,7.34,195
19,7.34,197
16,12.95,001
16,12.95,003
16,12.95,005
16,12.95,007
16,12.95,009
16,12.95,011
16,12.95,013
16,12.95,015
16,12.95,017
16,12.95,019
16,12.95,021
16,12.95,023
16,12.95,025
16,12.95,027
16,12.95,029
16,12.95,031
16,12.95,033
16,12.95,035
16,12.95,037
16,12.95,039
16,12.95,041
16,12.95,043
16,12.95,045
16,12.95,047
16,12.95,049
16,12.95,051
16,12.95,053
16,12.95,055
16,12.95,057
16,12.95,059
16,12.95,061
16,12.95,063
16,12.95,065
16,12.95,067
16,12.95,069
16,12.95,071
16,12.95,073
16,12.95,075
16,12.95,077
16,12.95,079
16,12.95,081
16,12.95,083
16,12.95,085
16,12.95,087
17,8.05,001
17,8.05,003
17,8.05,005
17,8.05,007
17,8.05,009
17,8.05,011
17,8.05,013
17,8.05,015
17,8.05,017
17,8.05,019
17,8.05,021
17,8.05,023
17,8.05,025
17,8.05,027
17,8.05,029
17,8.05,031
17,8.05,033
17,8.05,035
17,8.05,037
17,8.05,039
17,8.05,041
17,8.05,043
17,8.05,045
17,8.05,047
17,8.05,049
17,8.05,051
17,8.05,053
17,8.05,055
17,8.05,057
17,8.05,059
17,8.05,061
17,8.05,063
17,8.05,065
17,8.05,067
17,8.05,069
17,8.05,071
17,8.05,073
17,8.05,075
17,8.05,077
17,8.05,079
17,8.05,081
17,8.05,083
17,8.05,085
17,8.05,087
17,8.05,089
17,8.05,091
17,8.05,093
17,8.05,095
17,8.05,097
17,8.05,099
17,8.05,101
17,8.05,103
17,8.05,105
17,8.05,107
17,8.05,109
17,8.05,111
17,8.05,113
17,8.05,115
17,8.05,117
17,8.05,119
17,8.05,121
17,8.05,123
17,8.05,125
17,8.05,127
17,8.05,129
17,8.05,131
17,8.05,133
17,8.05,135
17,8.05,137
17,8.05,139
17,8.05,141
17,8.05,143
17,8.05,145
17,8.05,147
17,8.05,149
17,8.05,151
17,8.05,153
17,8.05,155
17,8.05,157
17,8.05,159
17,8.05,161
17,8.05,163
17,8.05,165
17,8.05,167
17,8.05,169
17,8.05,171
17,8.05,173
17,8.05,175
17,8.05,177
17,8.05,179
17,8.05,181
17,8.05,183
17,8.05,185
17,8.05,187
17,8.05,189
17,8.05,191
17,8.05,193
17,8.05,195
17,8.05,197
17,8.05,199
17,8.05,201
17,8.05,203
18,8.13,001
18,8.13,003
18,8.13,005
18,8.13,007
18,8.13,009
18,8.13,011
18,8.13,013
18,8.13,015
18,8.13,017
18,8.13,019
18,8.13,021
18,8.13,023
18,8.13,025
18,8.13,027
18,8.13,029
18,8.13,031
18,8.13,033
18,8.13,035
18,8.13,037
18,8.13,039
18,8.13,041
18,8.13,043
18,8.13,045
18,8.13,047
18,8.13,049
18,8.13,051
18,8.13,053
18,8.13,055
18,8.13,057
18,8.13,059
18,8.13,061
18,8.13,063
18,8.13,065
18,8.13,067
18,8.13,069
18,8.13,071
18,8.13,073
18,8.13,075
18,8.13,077
18,8.13,079
18,8.13,081
18,8.13,083
18,8.13,085
18,8.13,087
18,8.13,089
18,8.13,091
18,8.13,093
18,8.13,095
18,8.13,097
18,8.13,099
18,8.13,101
18,8.13,103
18,8.13,105
18,8.13,107
18,8.13,109
18,8.13,111
18,8.13,113
18,8.13,115
18,8.13,117
18,8.13,119
18,8.13,121
18,8.13,123
18,8.13,125
18,8.13,127
18,8.13,129
18,8.13,131
18,8.13,133
18,8.13,135
18,8.13,137
18,8.13,139
18,8.13,141
18,8.13,143
18,8.13,145
18,8.13,147
18,8.13,149
18,8.13,151
18,8.13,153
18,8.13,155
18,8.13,157
18,8.13,159
18,8.13,161
18,8.13,163
18,8.13,165
18,8.13,167
18,8.13,169
18,8.13,171
18,8.13,173
18,8.13,175
18,8.13,177
18,8.13,179
18,8.13,181
18,8.13,183
20,8.17,001
20,8.17,003
20,8.17,005
20,8.17,007
20,8.17,009
20,8.17,011
20,8.17,013
20,8.17,015
20,8.17,017
20,8.17,019
20,8.17,021
20,8.17,023
20,8.17,025
20,8.17,027
20,8.17,029
20,8.17,031
20,8.17,033
20,8.17,035
20,8.17,037
20,8.17,039
20,8.17,041
20,8.17,043
20,8.17,045
20,8.17,047
20,8.17,049
20,8.17,051
20,8.17,053
20,8.17,055
20,8.17,057
20,8.17,059
20,8.17,061
20,8.17,063
20,8.17,065
20,8.17,067
20,8.17,069
20,8.17,071
20,8.17,073
20,8.17,075
20,8.17,077
20,8.17,079
20,8.17,081
20,8.17,083
20,8.17,085
20,8.17,087
20,8.17,089
20,8.17,091
20,8.17,093
20,8.17,095
20,8.17,097
20,8.17,099
20,8.17,101
20,8.17,103
20,8.17,105
20,8.17,107
20,8.17,109
20,8.17,111
20,8.17,113
20,8.17,115
20,8.17,117
20,8.17,119
20,8.17,121
20,8.17,123
20,8.17,125
20,8.17,127
20,8.17,129
20,8.17,131
20,8.17,133
20,8.17,135
20,8.17,137
20,8.17,139
20,8.17,141
20,8.17,143
20,8.17,145
20,8.17,147
20,8.17,149
20,8.17,151
20,8.17,153
20,8.17,155
20,8.17,157
20,8.17,159
20,8.17,161
20,8.17,163
20,8.17,165
20,8.17,167
20,8.17,169
20,8.17,171
20,8.17,173
20,8.17,175
20,8.17,177
20,8.17,179
20,8.17,181
20,8.17,183
20,8.17,185
20,8.17,187
20,8.17,189
20,8.17,191
20,8.17,193
20,8.17,195
20,8.17,197
20,8.17,199
20,8.17,201
20,8.17,203
20,8.17,205
20,8.17,207
20,8.17,209
21,9.13,001
21,9.13,003
21,9.13,005
21,9.13,007
21,9.13,009
21,9.13,011
21,9.13,013
21,9.13,015
21,9.13,017
21,9.13,019
21,9.13,021
21,9.13,023
21,9.13,025
21,9.13,027
21,9.13,029
21,9.13,031
21,9.13,033
21,9.13,035
21,9.13,037
21,9.13,039
21,9.13,041
21,9.13,043
21,9.13,045
21,9.13,047
21,9.13,049
21,9.13,051
21,9.13,053
21,9.13,055
21,9.13,057
21,9.13,059
21,9.13,061
21,9.13,063
21,9.13,065
21,9.13,067
21,9.13,069
21,9.13,071
21,9.13,073
21,9.13,075
21,9.13,077
21,9.13,079
21,9.13,081
21,9.13,083
21,9.13,085
21,9.13,087
21,9.13,089
21,9.13,091
21,9.13,093
21,9.13,095
21,9.13,097
21,9.13,099
21,9.13,101
21,9.13,103
21,9.13,105
21,9.13,107
21,9.13,109
21,9.13,111
21,9.13,113
21,9.13,115
21,9.13,117
21,9.13,119
21,9.13,121
21,9.13,123
21,9.13,125
21,9.13,127
21,9.13,129
21,9.13,131
21,9.13,133
21,9.13,135
21,9.13,137
21,9.13,139
21,9.13,141
21,9.13,143
21,9.13,145
21,9.13,147
21,9.13,149
21,9.13,151
21,9.13,153
21,9.13,155
21,9.13,157
21,9.13,159
21,9.13,161
21,9.13,163
21,9.13,165
21,9.13,167
21,9.13,169
21,9.13,171
21,9.13,173
21,9.13,175
21,9.13,177
21,9.13,179
21,9.13,181
21,9.13,183
21,9.13,185
21,9.13,187
21,9.13,189
21,9.13,191
21,9.13,193
21,9.13,195
21,9.13,197
21,9.13,199
21,9.13,201
21,9.13,203
21,9.13,205
21,9.13,207
21,9.13,209
21,9.13,211
21,9.13,213
21,9.13,215
21,9.13,217
21,9.13,219
21,9.13,221
21,9.13,223
21,9.13,225
21,9.13,227
21,9.13,229
21,9.13,231
21,9.13,233
21,9.13,235
21,9.13,237
21,9.13,239
22,6.33,001
22,6.33,003
22,6.33,005
22,6.33,007
22,6.33,009
22,6.33,011
22,6.33,013
22,6.33,015
22,6.33,017
22,6.33,019
22,6.33,021
22,6.33,023
22,6.33,025
22,6.33,027
22,6.33,029
22,6.33,031
22,6.33,033
22,6.33,035
22,6.33,037
22,6.33,039
22,6.33,041
22,6.33,043
22,6.33,045
22,6.33,047
22,6.33,049
22,6.33,051
22,6.33,053
22,6.33,055
22,6.33,057
22,6.33,059
22,6.33,061
22,6.33,063
22,6.33,065
22,6.33,067
22,6.33,069
22,6.33,071
22,6.33,073
22,6.33,075
22,6.33,077
22,6.33,079
22,6.33,081
22,6.33,083
22,6.33,085
22,6.33,087
22,6.33,089
22,6.33,091
22,6.33,093
22,6.33,095
22,6.33,097
22,6.33,099
22,6.33,101
22,6.33,103
22,6.33,105
22,6.33,107
22,6.33,109
22,6.33,111
22,6.33,113
22,6.33,115
22,6.33,117
22,6.33,119
22,6.33,121
22,6.33,123
22,6.33,125
22,6.33,127
25,26.8,001
25,26.8,003
25,26.8,005
25,26.8,007
25,26.8,009
25,26.8,011
25,26.8,013
25,26.8,015
25,26.8,017
25,26.8,019
25,26.8,021
25,26.8,023
25,26.8,025
25,26.8,027
24,10.85,001
24,10.85,003
24,10.85,005
24,10.85,009
24,10.85,011
24,10.85,013
24,10.85,015
24,10.85,017
24,10.85,019
24,10.85,021
24,10.85,023
24,10.85,025
24,10.85,027
24,10.85,029
24,10.85,031
24,10.85,033
24,10.85,035
24,10.85,037
24,10.85,039
24,10.85,041
24,10.85,043
24,10.85,045
24,10.85,047
24,10.85,510
23,15.67,001
23,15.67,003
23,15.67,005
23,15.67,007
23,15.67,009
23,15.67,011
23,15.67,013
23,15.67,015
23,15.67,017
23,15.67,019
23,15.67,021
23,15.67,023
23,15.67,025
23,15.67,027
23,15.67,029
23,15.67,031
26,8.59,001
26,8.59,003
26,8.59,005
26,8.59,007
26,8.59,009
26,8.59,011
26,8.59,013
26,8.59,015
26,8.59,017
26,8.59,019
26,8.59,021
26,8.59,023
26,8.59,025
26,8.59,027
26,8.59,029
26,8.59,031
26,8.59,033
26,8.59,035
26,8.59,037
26,8.59,039
26,8.59,041
26,8.59,043
26,8.59,045
26,8.59,047
26,8.59,049
26,8.59,051
26,8.59,053
26,8.59,055
26,8.59,057
26,8.59,059
26,8.59,061
26,8.59,063
26,8.59,065
26,8.59,067
26,8.59,069
26,8.59,071
26,8.59,073
26,8.59,075
26,8.59,077
26,8.59,079
26,8.59,081
26,8.59,083
26,8.59,085
26,8.59,087
26,8.59,089
26,8.59,091
26,8.59,093
26,8.59,095
26,8.59,097
26,8.59,099
26,8.59,101
26,8.59,103
26,8.59,105
26,8.59,107
26,8.59,109
26,8.59,111
26,8.59,113
26,8.59,115
26,8.59,117
26,8.59,119
26,8.59,121
26,8.59,123
26,8.59,125
26,8.59,127
26,8.59,129
26,8.59,131
26,8.59,133
26,8.59,135
26,8.59,137
26,8.59,139
26,8.59,141
26,8.59,143
26,8.59,145
26,8.59,147
26,8.59,149
26,8.59,151
26,8.59,153
26,8.59,155
26,8.59,157
26,8.59,159
26,8.59,161
26,8.59,163
26,8.59,165
27,14.14,001
27,14.14,003
27,14.14,005
27,14.14,007
27,14.14,009
27,14.14,011
27,14.14,013
27,14.14,015
27,14.14,017
27,14.14,019
27,14.14,021
27,14.14,023
27,14.14,025
27,14.14,027
27,14.14,029
27,14.14,031
27,14.14,033
27,14.14,035
27,14.14,037
27,14.14,039
27,14.14,041
27,14.14,043
27,14.14,045
27,14.14,047
27,14.14,049
27,14.14,051
27,14.14,053
27,14.14,055
27,14.14,057
27,14.14,059
27,14.14,061
27,14.14,063
27,14.14,065
27,14.14,067
27,14.14,069
27,14.14,071
27,14.14,073
27,14.14,075
27,14.14,077
27,14.14,079
27,14.14,081
27,14.14,083
27,14.14,085
27,14.14,087
27,14.14,089
27,14.14,091
27,14.14,093
27,14.14,095
27,14.14,097
27,14.14,099
27,14.14,101
27,14.14,103
27,14.14,105
27,14.14,107
27,14.14,109
27,14.14,111
27,14.14,113
27,14.14,115
27,14.14,117
27,14.14,119
27,14.14,121
27,14.14,123
27,14.14,125
27,14.14,127
27,14.14,129
27,14.14,131
27,14.14,133
27,14.14,135
27,14.14,137
27,14.14,139
27,14.14,141
27,14.14,143
27,14.14,145
27,14.14,147
27,14.14,149
27,14.14,151
27,14.14,153
27,14.14,155
27,14.14,157
27,14.14,159
27,14.14,161
27,14.14,163
27,14.14,165
27,14.14,167
27,14.14,169
27,14.14,171
27,14.14,173
29,10.07,001
29,10.07,003
29,10.07,005
29,10.07,007
29,10.07,009
29,10.07,011
29,10.07,013
29,10.07,015
29,10.07,017
29,10.07,019
29,10.07,021
29,10.07,023
29,10.07,025
29,10.07,027
29,10.07,029
29,10.07,031
29,10.07,033
29,10.07,035
29,10.07,037
29,10.07,039
29,10.07,041
29,10.07,043
29,10.07,045
29,10.07,047
29,10.07,049
29,10.07,051
29,10.07,053
29,10.07,055
29,10.07,057
29,10.07,059
29,10.07,061
29,10.07,063
29,10.07,065
29,10.07,067
29,10.07,069
29,10.07,071
29,10.07,073
29,10.07,075
29,10.07,077
29,10.07,079
29,10.07,081
29,10.07,083
29,10.07,085
29,10.07,087
29,10.07,089
29,10.07,091
29,10.07,093
29,10.07,095
29,10.07,097
29,10.07,099
29,10.07,101
29,10.07,103
29,10.07,105
29,10.07,107
29,10.07,109
29,10.07,111
29,10.07,113
29,10.07,115
29,10.07,117
29,10.07,119
29,10.07,121
29,10.07,123
29,10.07,125
29,10.07,127
29,10.07,129
29,10.07,131
29,10.07,133
29,10.07,135
29,10.07,137
29,10.07,139
29,10.07,141
29,10.07,143
29,10.07,145
29,10.07,147
29,10.07,149
29,10.07,151
29,10.07,153
29,10.07,155
29,10.07,157
29,10.07,159
29,10.07,161
29,10.07,163
29,10.07,165
29,10.07,167
29,10.07,169
29,10.07,171
29,10.07,173
29,10.07,175
29,10.07,177
29,10.07,179
29,10.07,181
29,10.07,183
29,10.07,185
29,10.07,186
29,10.07,187
29,10.07,189
29,10.07,195
29,10.07,197
29,10.07,199
29,10.07,201
29,10.07,203
29,10.07,205
29,10.07,207
29,10.07,209
29,10.07,211
29,10.07,213
29,10.07,215
29,10.07,217
29,10.07,219
29,10.07,221
29,10.07,223
29,10.07,225
29,10.07,227
29,10.07,229
29,10.07,510
28,3.98,001
28,3.98,003
28,3.98,005
28,3.98,007
28,3.98,009
28,3.98,011
28,3.98,013
28,3.98,015
28,3.98,017
28,3.98,019
28,3.98,021
28,3.98,023
28,3.98,025
28,3.98,027
28,3.98,029
28,3.98,031
28,3.98,033
28,3.98,035
28,3.98,037
28,3.98,039
28,3.98,041
28,3.98,043
28,3.98,045
28,3.98,047
28,3.98,049
28,3.98,051
28,3.98,053
28,3.98,055
28,3.98,057
28,3.98,059
28,3.98,061
28,3.98,063
28,3.98,065
28,3.98,067
28,3.98,069
28,3.98,071
28,3.98,073
28,3.98,075
28,3.98,077
28,3.98,079
28,3.98,081
28,3.98,083
28,3.98,085
28,3.98,087
28,3.98,089
28,3.98,091
28,3.98,093
28,3.98,095
28,3.98,097
28,3.98,099
28,3.98,101
28,3.98,103
28,3.98,105
28,3.98,107
28,3.98,109
28,3.98,111
28,3.98,113
28,3.98,115
28,3.98,117
28,3.98,119
28,3.98,121
28,3.98,123
28,3.98,125
28,3.98,127
28,3.98,129
28,3.98,131
28,3.98,133
28,3.98,135
28,3.98,137
28,3.98,139
28,3.98,141
28,3.98,143
28,3.98,145
28,3.98,147
28,3.98,149
28,3.98,151
28,3.98,153
28,3.98,155
28,3.98,157
28,3.98,159
28,3.98,161
28,3.98,163
30,12.7,001
30,12.7,003
30,12.7,005
30,12.7,007
30,12.7,009
30,12.7,011
30,12.7,013
30,12.7,015
30,12.7,017
30,12.7,019
30,12.7,021
30,12.7,023
30,12.7,025
30,12.7,027
30,12.7,029
30,12.7,031
30,12.7,033
30,12.7,035
30,12.7,037
30,12.7,039
30,12.7,041
30,12.7,043
30,12.7,045
30,12.7,047
30,12.7,049
30,12.7,051
30,12.7,053
30,12.7,055
30,12.7,057
30,12.7,059
30,12.7,061
30,12.7,063
30,12.7,065
30,12.7,067
30,12.7,069
30,12.7,071
30,12.7,073
30,12.7,075
30,12.7,077
30,12.7,079
30,12.7,081
30,12.7,083
30,12.7,085
30,12.7,087
30,12.7,089
30,12.7,091
30,12.7,093
30,12.7,095
30,12.7,097
30,12.7,099
30,12.7,101
30,12.7,103
30,12.7,105
30,12.7,107
30,12.7,109
30,12.7,111
37,8.88,001
37,8.88,003
37,8.88,005
37,8.88,007
37,8.88,009
37,8.88,011
37,8.88,013
37,8.88,015
37,8.88,017
37,8.88,019
37,8.88,021
37,8.88,023
37,8.88,025
37,8.88,027
37,8.88,029
37,8.88,031
37,8.88,033
37,8.88,035
37,8.88,037
37,8.88,039
37,8.88,041
37,8.88,043
37,8.88,045
37,8.88,047
37,8.88,049
37,8.88,051
37,8.88,053
37,8.88,055
37,8.88,057
37,8.88,059
37,8.88,061
37,8.88,063
37,8.88,065
37,8.88,067
37,8.88,069
37,8.88,071
37,8.88,073
37,8.88,075
37,8.88,077
37,8.88,079
37,8.88,081
37,8.88,083
37,8.88,085
37,8.88,087
37,8.88,089
37,8.88,091
37,8.88,093
37,8.88,095
37,8.88,097
37,8.88,099
37,8.88,101
37,8.88,103
37,8.88,105
37,8.88,107
37,8.88,109
37,8.88,111
37,8.88,113
37,8.88,115
37,8.88,117
37,8.88,119
37,8.88,121
37,8.88,123
37,8.88,125
37,8.88,127
37,8.88,129
37,8.88,131
37,8.88,133
37,8.88,135
37,8.88,137
37,8.88,139
37,8.88,141
37,8.88,143
37,8.88,145
37,8.88,147
37,8.88,149
37,8.88,151
37,8.88,153
37,8.88,155
37,8.88,157
37,8.88,159
37,8.88,161
37,8.88,163
37,8.88,165
37,8.88,167
37,8.88,169
37,8.88,171
37,8.88,173
37,8.88,175
37,8.88,177
37,8.88,179
37,8.88,181
37,8.88,183
37,8.88,185
37,8.88,187
37,8.88,189
37,8.88,191
37,8.88,193
37,8.88,195
37,8.88,197
37,8.88,199
38,7.31,001
38,7.31,003
38,7.31,005
38,7.31,007
38,7.31,009
38,7.31,011
38,7.31,013
38,7.31,015
38,7.31,017
38,7.31,019
38,7.31,021
38,7.31,023
38,7.31,025
38,7.31,027
38,7.31,029
38,7.31,031
38,7.31,033
38,7.31,035
38,7.31,037
38,7.31,039
38,7.31,041
38,7.31,043
38,7.31,045
38,7.31,047
38,7.31,049
38,7.31,051
38,7.31,053
38,7.31,055
38,7.31,057
38,7.31,059
38,7.31,061
38,7.31,063
38,7.31,065
38,7.31,067
38,7.31,069
38,7.31,071
38,7.31,073
38,7.31,075
38,7.31,077
38,7.31,079
38,7.31,081
38,7.31,083
38,7.31,085
38,7.31,087
38,7.31,089
38,7.31,091
38,7.31,093
38,7.31,095
38,7.31,097
38,7.31,099
38,7.31,101
38,7.31,103
38,7.31,105
31,12.23,001
31,12.23,003
31,12.23,005
31,12.23,007
31,12.23,009
31,12.23,011
31,12.23,013
31,12.23,015
31,12.23,017
31,12.23,019
31,12.23,021
31,12.23,023
31,12.23,025
31,12.23,027
31,12.23,029
31,12.23,031
31,12.23,033
31,12.23,035
31,12.23,037
31,12.23,039
31,12.23,041
31,12.23,043
31,12.23,045
31,12.23,047
31,12.23,049
31,12.23,051
31,12.23,053
31,12.23,055
31,12.23,057
31,12.23,059
31,12.23,061
31,12.23,063
31,12.23,065
31,12.23,067
31,12.23,069
31,12.23,071
31,12.23,073
31,12.23,075
31,12.23,077
31,12.23,079
31,12.23,081
31,12.23,083
31,12.23,085
31,12.23,087
31,12.23,089
31,12.23,091
31,12.23,093
31,12.23,095
31,12.23,097
31,12.23,099
31,12.23,101
31,12.23,103
31,12.23,105
31,12.23,107
31,12.23,109
31,12.23,111
31,12.23,113
31,12.23,115
31,12.23,117
31,12.23,119
31,12.23,121
31,12.23,123
31,12.23,125
31,12.23,127
31,12.23,129
31,12.23,131
31,12.23,133
31,12.23,135
31,12.23,137
31,12.23,139
31,12.23,141
31,12.23,143
31,12.23,145
31,12.23,147
31,12.23,149
31,12.23,151
31,12.23,153
31,12.23,155
31,12.23,157
31,12.23,159
31,12.23,161
31,12.23,163
31,12.23,165
31,12.23,167
31,12.23,169
31,12.23,171
31,12.23,173
31,12.23,175
31,12.23,177
31,12.23,179
31,12.23,181
31,12.23,183
31,12.23,185
33,10.27,001
33,10.27,003
33,10.27,005
33,10.27,007
33,10.27,009
33,10.27,011
33,10.27,013
33,10.27,015
33,10.27,017
33,10.27,019
34,9.98,001
34,9.98,003
34,9.98,005
34,9.98,007
34,9.98,009
34,9.98,011
34,9.98,013
34,9.98,015
34,9.98,017
34,9.98,019
34,9.98,021
34,9.98,023
34,9.98,025
34,9.98,027
34,9.98,029
34,9.98,031
34,9.98,033
34,9.98,035
34,9.98,037
34,9.98,039
34,9.98,041
35,15.46,001
35,15.46,003
35,15.46,005
35,15.46,006
35,15.46,007
35,15.46,009
35,15.46,011
35,15.46,013
35,15.46,015
35,15.46,017
35,15.46,019
35,15.46,021
35,15.46,023
35,15.46,025
35,15.46,027
35,15.46,028
35,15.46,029
35,15.46,031
35,15.46,033
35,15.46,035
35,15.46,037
35,15.46,039
35,15.46,041
35,15.46,043
35,15.46,045
35,15.46,047
35,15.46,049
35,15.46,051
35,15.46,053
35,15.46,055
35,15.46,057
35,15.46,059
35,15.46,061
32,23.27,001
32,23.27,003
32,23.27,005
32,23.27,007
32,23.27,009
32,23.27,011
32,23.27,013
32,23.27,015
32,23.27,017
32,23.27,019
32,23.27,021
32,23.27,023
32,23.27,027
32,23.27,029
32,23.27,031
32,23.27,033
32,23.27,510
36,47.34,001
36,47.34,003
36,47.34,005
36,47.34,007
36,47.34,009
36,47.34,011
36,47.34,013
36,47.34,015
36,47.34,017
36,47.34,019
36,47.34,021
36,47.34,023
36,47.34,025
36,47.34,027
36,47.34,029
36,47.34,031
36,47.34,033
36,47.34,035
36,47.34,037
36,47.34,039
36,47.34,041
36,47.34,043
36,47.34,045
36,47.34,047
36,47.34,049
36,47.34,051
36,47.34,053
36,47.34,055
36,47.34,057
36,47.34,059
36,47.34,061
36,47.34,063
36,47.34,065
36,47.34,067
36,47.34,069
36,47.34,071
36,47.34,073
36,47.34,075
36,47.34,077
36,47.34,079
36,47.34,081
36,47.34,083
36,47.34,085
36,47.34,087
36,47.34,089
36,47.34,091
36,47.34,093
36,47.34,095
36,47.34,097
36,47.34,099
36,47.34,101
36,47.34,103
36,47.34,105
36,47.34,107
36,47.34,109
36,47.34,111
36,47.34,113
36,47.34,115
36,47.34,117
36,47.34,119
36,47.34,121
36,47.34,123
39,8.85,001
39,8.85,003
39,8.85,005
39,8.85,007
39,8.85,009
39,8.85,011
39,8.85,013
39,8.85,015
39,8.85,017
39,8.85,019
39,8.85,021
39,8.85,023
39,8.85,025
39,8.85,027
39,8.85,029
39,8.85,031
39,8.85,033
39,8.85,035
39,8.85,037
39,8.85,039
39,8.85,041
39,8.85,043
39,8.85,045
39,8.85,047
39,8.85,049
39,8.85,051
39,8.85,053
39,8.85,055
39,8.85,057
39,8.85,059
39,8.85,061
39,8.85,063
39,8.85,065
39,8.85,067
39,8.85,069
39,8.85,071
39,8.85,073
39,8.85,075
39,8.85,077
39,8.85,079
39,8.85,081
39,8.85,083
39,8.85,085
39,8.85,087
39,8.85,089
39,8.85,091
39,8.85,093
39,8.85,095
39,8.85,097
39,8.85,099
39,8.85,101
39,8.85,103
39,8.85,105
39,8.85,107
39,8.85,109
39,8.85,111
39,8.85,113
39,8.85,115
39,8.85,117
39,8.85,119
39,8.85,121
39,8.85,123
39,8.85,125
39,8.85,127
39,8.85,129
39,8.85,131
39,8.85,133
39,8.85,135
39,8.85,137
39,8.85,139
39,8.85,141
39,8.85,143
39,8.85,145
39,8.85,147
39,8.85,149
39,8.85,151
39,8.85,153
39,8.85,155
39,8.85,157
39,8.85,159
39,8.85,161
39,8.85,163
39,8.85,165
39,8.85,167
39,8.85,169
39,8.85,171
39,8.85,173
39,8.85,175
40,9.97,001
40,9.97,003
40,9.97,005
40,9.97,007
40,9.97,009
40,9.97,011
40,9.97,013
40,9.97,015
40,9.97,017
40,9.97,019
40,9.97,021
40,9.97,023
40,9.97,025
40,9.97,027
40,9.97,029
40,9.97,031
40,9.97,033
40,9.97,035
40,9.97,037
40,9.97,039
40,9.97,041
40,9.97,043
40,9.97,045
40,9.97,047
40,9.97,049
40,9.97,051
40,9.97,053
40,9.97,055
40,9.97,057
40,9.97,059
40,9.97,061
40,9.97,063
40,9.97,065
40,9.97,067
40,9.97,069
40,9.97,071
40,9.97,073
40,9.97,075
40,9.97,077
40,9.97,079
40,9.97,081
40,9.97,083
40,9.97,085
40,9.97,087
40,9.97,089
40,9.97,091
40,9.97,093
40,9.97,095
40,9.97,097
40,9.97,099
40,9.97,101
40,9.97,103
40,9.97,105
40,9.97,107
40,9.97,109
40,9.97,111
40,9.97,113
40,9.97,115
40,9.97,117
40,9.97,119
40,9.97,121
40,9.97,123
40,9.97,125
40,9.97,127
40,9.97,129
40,9.97,131
40,9.97,133
40,9.97,135
40,9.97,137
40,9.97,139
40,9.97,141
40,9.97,143
40,9.97,145
40,9.97,147
40,9.97,149
40,9.97,151
40,9.97,153
41,37.64,001
41,37.64,003
41,37.64,005
41,37.64,007
41,37.64,009
41,37.64,011
41,37.64,013
41,37.64,015
41,37.64,017
41,37.64,019
41,37.64,021
41,37.64,023
41,37.64,025
41,37.64,027
41,37.64,029
41,37.64,031
41,37.64,033
41,37.64,035
41,37.64,037
41,37.64,039
41,37.64,041
41,37.64,043
41,37.64,045
41,37.64,047
41,37.64,049
41,37.64,051
41,37.64,053
41,37.64,055
41,37.64,057
41,37.64,059
41,37.64,061
41,37.64,063
41,37.64,065
41,37.64,067
41,37.64,069
41,37.64,071
42,10.31,001
42,10.31,003
42,10.31,005
42,10.31,007
42,10.31,009
42,10.31,011
42,10.31,013
42,10.31,015
42,10.31,017
42,10.31,019
42,10.31,021
42,10.31,023
42,10.31,025
42,10.31,027
42,10.31,029
42,10.31,031
42,10.31,033
42,10.31,035
42,10.31,037
42,10.31,039
42,10.31,041
42,10.31,043
42,10.31,045
42,10.31,047
42,10.31,049
42,10.31,051
42,10.31,053
42,10.31,055
42,10.31,057
42,10.31,059
42,10.31,061
42,10.31,063
42,10.31,065
42,10.31,067
42,10.31,069
42,10.31,071
42,10.31,073
42,10.31,075
42,10.31,077
42,10.31,079
42,10.31,081
42,10.31,083
42,10.31,085
42,10.31,087
42,10.31,089
42,10.31,091
42,10.31,093
42,10.31,095
42,10.31,097
42,10.31,099
42,10.31,101
42,10.31,103
42,10.31,105
42,10.31,107
42,10.31,109
42,10.31,111
42,10.31,113
42,10.31,115
42,10.31,117
42,10.31,119
42,10.31,121
42,10.31,123
42,10.31,125
42,10.31,127
42,10.31,129
42,10.31,131
42,10.31,133
72,7.94,001
72,7.94,003
72,7.94,005
72,7.94,007
72,7.94,009
72,7.94,011
72,7.94,013
72,7.94,015
72,7.94,017
72,7.94,019
72,7.94,021
72,7.94,023
72,7.94,025
72,7.94,027
72,7.94,029
72,7.94,031
72,7.94,033
72,7.94,035
72,7.94,037
72,7.94,039
72,7.94,041
72,7.94,043
72,7.94,045
72,7.94,047
72,7.94,049
72,7.94,051
72,7.94,053
72,7.94,054
72,7.94,055
72,7.94,057
72,7.94,059
72,7.94,061
72,7.94,063
72,7.94,065
72,7.94,067
72,7.94,069
72,7.94,071
72,7.94,073
72,7.94,075
72,7.94,077
72,7.94,079
72,7.94,081
72,7.94,083
72,7.94,085
72,7.94,087
72,7.94,089
72,7.94,091
72,7.94,093
72,7.94,095
72,7.94,097
72,7.94,099
72,7.94,101
72,7.94,103
72,7.94,105
72,7.94,107
72,7.94,109
72,7.94,111
72,7.94,113
72,7.94,115
72,7.94,117
72,7.94,119
72,7.94,121
72,7.94,123
72,7.94,125
72,7.94,127
72,7.94,129
72,7.94,131
72,7.94,133
72,7.94,135
72,7.94,137
72,7.94,139
72,7.94,141
72,7.94,143
72,7.94,145
72,7.94,147
72,7.94,149
72,7.94,151
72,7.94,153
44,9.96,001
44,9.96,003
44,9.96,005
44,9.96,007
44,9.96,009
45,8.1,001
45,8.1,003
45,8.1,005
45,8.1,007
45,8.1,009
45,8.1,011
45,8.1,013
45,8.1,015
45,8.1,017
45,8.1,019
45,8.1,021
45,8.1,023
45,8.1,025
45,8.1,027
45,8.1,029
45,8.1,031
45,8.1,033
45,8.1,035
45,8.1,037
45,8.1,039
45,8.1,041
45,8.1,043
45,8.1,045
45,8.1,047
45,8.1,049
45,8.1,051
45,8.1,053
45,8.1,055
45,8.1,057
45,8.1,059
45,8.1,061
45,8.1,063
45,8.1,065
45,8.1,067
45,8.1,069
45,8.1,071
45,8.1,073
45,8.1,075
45,8.1,077
45,8.1,079
45,8.1,081
45,8.1,083
45,8.1,085
45,8.1,087
45,8.1,089
45,8.1,091
46,11.25,003
46,11.25,005
46,11.25,007
46,11.25,009
46,11.25,011
46,11.25,013
46,11.25,015
46,11.25,017
46,11.25,019
46,11.25,021
46,11.25,023
46,11.25,025
46,11.25,027
46,11.25,029
46,11.25,031
46,11.25,033
46,11.25,035
46,11.25,037
46,11.25,039
46,11.25,041
46,11.25,043
46,11.25,045
46,11.25,047
46,11.25,049
46,11.25,051
46,11.25,053
46,11.25,055
46,11.25,057
46,11.25,059
46,11.25,061
46,11.25,063
46,11.25,065
46,11.25,067
46,11.25,069
46,11.25,071
46,11.25,073
46,11.25,075
46,11.25,077
46,11.25,079
46,11.25,081
46,11.25,083
46,11.25,085
46,11.25,087
46,11.25,089
46,11.25,091
46,11.25,093
46,11.25,095
46,11.25,097
46,11.25,099
46,11.25,101
46,11.25,102
46,11.25,103
46,11.25,105
46,11.25,107
46,11.25,109
46,11.25,111
46,11.25,115
46,11.25,117
46,11.25,119
46,11.25,121
46,11.25,123
46,11.25,125
46,11.25,127
46,11.25,129
46,11.25,135
46,11.25,137
47,10.93,001
47,10.93,003
47,10.93,005
47,10.93,007
47,10.93,009
47,10.93,011
47,10.93,013
47,10.93,015
47,10.93,017
47,10.93,019
47,10.93,021
47,10.93,023
47,10.93,025
47,10.93,027
47,10.93,029
47,10.93,031
47,10.93,033
47,10.93,035
47,10.93,037
47,10.93,039
47,10.93,041
47,10.93,043
47,10.93,045
47,10.93,047
47,10.93,049
47,10.93,051
47,10.93,053
47,10.93,055
47,10.93,057
47,10.93,059
47,10.93,061
47,10.93,063
47,10.93,065
47,10.93,067
47,10.93,069
47,10.93,071
47,10.93,073
47,10.93,075
47,10.93,077
47,10.93,079
47,10.93,081
47,10.93,083
47,10.93,085
47,10.93,087
47,10.93,089
47,10.93,091
47,10.93,093
47,10.93,095
47,10.93,097
47,10.93,099
47,10.93,101
47,10.93,103
47,10.93,105
47,10.93,107
47,10.93,109
47,10.93,111
47,10.93,113
47,10.93,115
47,10.93,117
47,10.93,119
47,10.93,121
47,10.93,123
47,10.93,125
47,10.93,127
47,10.93,129
47,10.93,131
47,10.93,133
47,10.93,135
47,10.93,137
47,10.93,139
47,10.93,141
47,10.93,143
47,10.93,145
47,10.93,147
47,10.93,149
47,10.93,151
47,10.93,153
47,10.93,155
47,10.93,157
47,10.93,159
47,10.93,161
47,10.93,163
47,10.93,165
47,10.93,167
47,10.93,169
47,10.93,171
47,10.93,173
47,10.93,175
47,10.93,177
47,10.93,179
47,10.93,181
47,10.93,183
47,10.93,185
47,10.93,187
47,10.93,189
48,8.91,001
48,8.91,003
48,8.91,005
48,8.91,007
48,8.91,009
48,8.91,011
48,8.91,013
48,8.91,015
48,8.91,017
48,8.91,019
48,8.91,021
48,8.91,023
48,8.91,025
48,8.91,027
48,8.91,029
48,8.91,031
48,8.91,033
48,8.91,035
48,8.91,037
48,8.91,039
48,8.91,041
48,8.91,043
48,8.91,045
48,8.91,047
48,8.91,049
48,8.91,051
48,8.91,053
48,8.91,055
48,8.91,057
48,8.91,059
48,8.91,061
48,8.91,063
48,8.91,065
48,8.91,067
48,8.91,069
48,8.91,071
48,8.91,073
48,8.91,075
48,8.91,077
48,8.91,079
48,8.91,081
48,8.91,083
48,8.91,085
48,8.91,087
48,8.91,089
48,8.91,091
48,8.91,093
48,8.91,095
48,8.91,097
48,8.91,099
48,8.91,101
48,8.91,103
48,8.91,105
48,8.91,107
48,8.91,109
48,8.91,111
48,8.91,113
48,8.91,115
48,8.91,117
48,8.91,119
48,8.91,121
48,8.91,123
48,8.91,125
48,8.91,127
48,8.91,129
48,8.91,131
48,8.91,133
48,8.91,135
48,8.91,137
48,8.91,139
48,8.91,141
48,8.91,143
48,8.91,145
48,8.91,147
48,8.91,149
48,8.91,151
48,8.91,153
48,8.91,155
48,8.91,157
48,8.91,159
48,8.91,161
48,8.91,163
48,8.91,165
48,8.91,167
48,8.91,169
48,8.91,171
48,8.91,173
48,8.91,175
48,8.91,177
48,8.91,179
48,8.91,181
48,8.91,183
48,8.91,185
48,8.91,187
48,8.91,189
48,8.91,191
48,8.91,193
48,8.91,195
48,8.91,197
48,8.91,199
48,8.91,201
48,8.91,203
48,8.91,205
48,8.91,207
48,8.91,209
48,8.91,211
48,8.91,213
48,8.91,215
48,8.91,217
48,8.91,219
48,8.91,221
48,8.91,223
48,8.91,225
48,8.91,227
48,8.91,229
48,8.91,231
48,8.91,233
48,8.91,235
48,8.91,237
48,8.91,239
48,8.91,241
48,8.91,243
48,8.91,245
48,8.91,247
48,8.91,249
48,8.91,251
48,8.91,253
48,8.91,255
48,8.91,257
48,8.91,259
48,8.91,261
48,8.91,263
48,8.91,265
48,8.91,267
48,8.91,269
48,8.91,271
48,8.91,273
48,8.91,275
48,8.91,277
48,8.91,279
48,8.91,281
48,8.91,283
48,8.91,285
48,8.91,287
48,8.91,289
48,8.91,291
48,8.91,293
48,8.91,295
48,8.91,297
48,8.91,299
48,8.91,301
48,8.91,303
48,8.91,305
48,8.91,307
48,8.91,309
48,8.91,311
48,8.91,313
48,8.91,315
48,8.91,317
48,8.91,319
48,8.91,321
48,8.91,323
48,8.91,325
48,8.91,327
48,8.91,329
48,8.91,331
48,8.91,333
48,8.91,335
48,8.91,337
48,8.91,339
48,8.91,341
48,8.91,343
48,8.91,345
48,8.91,347
48,8.91,349
48,8.91,351
48,8.91,353
48,8.91,355
48,8.91,357
48,8.91,359
48,8.91,361
48,8.91,363
48,8.91,365
48,8.91,367
48,8.91,369
48,8.91,371
48,8.91,373
48,8.91,375
48,8.91,377
48,8.91,379
48,8.91,381
48,8.91,383
48,8.91,385
48,8.91,387
48,8.91,389
48,8.91,391
48,8.91,393
48,8.91,395
48,8.91,397
48,8.91,399
48,8.91,401
48,8.91,403
48,8.91,405
48,8.91,407
48,8.91,409
48,8.91,411
48,8.91,413
48,8.91,415
48,8.91,417
48,8.91,419
48,8.91,421
48,8.91,423
48,8.91,425
48,8.91,427
48,8.91,429
48,8.91,431
48,8.91,433
48,8.91,435
48,8.91,437
48,8.91,439
48,8.91,441
48,8.91,443
48,8.91,445
48,8.91,447
48,8.91,449
48,8.91,451
48,8.91,453
48,8.91,455
48,8.91,457
48,8.91,459
48,8.91,461
48,8.91,463
48,8.91,465
48,8.91,467
48,8.91,469
48,8.91,471
48,8.91,473
48,8.91,475
48,8.91,477
48,8.91,479
48,8.91,481
48,8.91,483
48,8.91,485
48,8.91,487
48,8.91,489
48,8.91,491
48,8.91,493
48,8.91,495
48,8.91,497
48,8.91,499
48,8.91,501
48,8.91,503
48,8.91,505
48,8.91,507
49,8.73,001
49,8.73,003
49,8.73,005
49,8.73,007
49,8.73,009
49,8.73,011
49,8.73,013
49,8.73,015
49,8.73,017
49,8.73,019
49,8.73,021
49,8.73,023
49,8.73,025
49,8.73,027
49,8.73,029
49,8.73,031
49,8.73,033
49,8.73,035
49,8.73,037
49,8.73,039
49,8.73,041
49,8.73,043
49,8.73,045
49,8.73,047
49,8.73,049
49,8.73,051
49,8.73,053
49,8.73,055
49,8.73,057
51,6.78,001
51,6.78,003
51,6.78,005
51,6.78,007
51,6.78,009
51,6.78,011
51,6.78,013
51,6.78,015
51,6.78,017
51,6.78,019
51,6.78,021
51,6.78,023
51,6.78,025
51,6.78,027
51,6.78,029
51,6.78,031
51,6.78,033
51,6.78,035
51,6.78,036
51,6.78,037
51,6.78,041
51,6.78,043
51,6.78,045
51,6.78,047
51,6.78,049
51,6.78,051
51,6.78,053
51,6.78,057
51,6.78,059
51,6.78,061
51,6.78,063
51,6.78,065
51,6.78,067
51,6.78,069
51,6.78,071
51,6.78,073
51,6.78,075
51,6.78,077
51,6.78,079
51,6.78,081
51,6.78,083
51,6.78,085
51,6.78,087
51,6.78,089
51,6.78,091
51,6.78,093
51,6.78,095
51,6.78,097
51,6.78,099
51,6.78,101
51,6.78,103
51,6.78,105
51,6.78,107
51,6.78,109
51,6.78,111
51,6.78,113
51,6.78,115
51,6.78,117
51,6.78,119
51,6.78,121
51,6.78,125
51,6.78,127
51,6.78,131
51,6.78,133
51,6.78,135
51,6.78,137
51,6.78,139
51,6.78,141
51,6.78,143
51,6.78,145
51,6.78,147
51,6.78,149
51,6.78,153
51,6.78,155
51,6.78,157
51,6.78,159
51,6.78,161
51,6.78,163
51,6.78,165
51,6.78,167
51,6.78,169
51,6.78,171
51,6.78,173
51,6.78,175
51,6.78,177
51,6.78,179
51,6.78,181
51,6.78,183
51,6.78,185
51,6.78,187
51,6.78,191
51,6.78,193
51,6.78,195
51,6.78,197
51,6.78,199
51,6.78,510
51,6.78,520
51,6.78,530
51,6.78,540
51,6.78,550
51,6.78,570
51,6.78,580
51,6.78,590
51,6.78,595
51,6.78,600
51,6.78,610
51,6.78,620
51,6.78,630
51,6.78,640
51,6.78,650
51,6.78,660
51,6.78,670
51,6.78,678
51,6.78,680
51,6.78,683
51,6.78,685
51,6.78,690
51,6.78,700
51,6.78,710
51,6.78,720
51,6.78,730
51,6.78,735
51,6.78,740
51,6.78,750
51,6.78,760
51,6.78,770
51,6.78,775
51,6.78,790
51,6.78,800
51,6.78,810
51,6.78,820
51,6.78,830
51,6.78,840
50,17.45,001
50,17.45,003
50,17.45,005
50,17.45,007
50,17.45,009
50,17.45,011
50,17.45,013
50,17.45,015
50,17.45,017
50,17.45,019
50,17.45,021
50,17.45,023
50,17.45,025
50,17.45,027
53,28.34,001
53,28.34,003
53,28.34,005
53,28.34,007
53,28.34,009
53,28.34,011
53,28.34,013
53,28.34,015
53,28.34,017
53,28.34,019
53,28.34,021
53,28.34,023
53,28.34,025
53,28.34,027
53,28.34,029
53,28.34,031
53,28.34,033
53,28.34,035
53,28.34,037
53,28.34,039
53,28.34,041
53,28.34,043
53,28.34,045
53,28.34,047
53,28.34,049
53,28.34,051
53,28.34,053
53,28.34,055
53,28.34,057
53,28.34,059
53,28.34,061
53,28.34,063
53,28.34,065
53,28.34,067
53,28.34,069
53,28.34,071
53,28.34,073
53,28.34,075
53,28.34,077
55,7.79,001
55,7.79,003
55,7.79,005
55,7.79,007
55,7.79,009
55,7.79,011
55,7.79,013
55,7.79,015
55,7.79,017
55,7.79,019
55,7.79,021
55,7.79,023
55,7.79,025
55,7.79,027
55,7.79,029
55,7.79,031
55,7.79,033
55,7.79,035
55,7.79,037
55,7.79,039
55,7.79,041
55,7.79,043
55,7.79,045
55,7.79,047
55,7.79,049
55,7.79,051
55,7.79,053
55,7.79,055
55,7.79,057
55,7.79,059
55,7.79,061
55,7.79,063
55,7.79,065
55,7.79,067
55,7.79,069
55,7.79,071
55,7.79,073
55,7.79,075
55,7.79,077
55,7.79,078
55,7.79,079
55,7.79,081
55,7.79,083
55,7.79,085
55,7.79,087
55,7.79,089
55,7.79,091
55,7.79,093
55,7.79,095
55,7.79,097
55,7.79,099
55,7.79,101
55,7.79,103
55,7.79,105
55,7.79,107
55,7.79,109
55,7.79,111
55,7.79,113
55,7.79,115
55,7.79,117
55,7.79,119
55,7.79,121
55,7.79,123
55,7.79,125
55,7.79,127
55,7.79,129
55,7.79,131
55,7.79,133
55,7.79,135
55,7.79,137
55,7.79,139
55,7.79,141
54,7.8,001
54,7.8,003
54,7.8,005
54,7.8,007
54,7.8,009
54,7.8,011
54,7.8,013
54,7.8,015
54,7.8,017
54,7.8,019
54,7.8,021
54,7.8,023
54,7.8,025
54,7.8,027
54,7.8,029
54,7.8,031
54,7.8,033
54,7.8,035
54,7.8,037
54,7.8,039
54,7.8,041
54,7.8,043
54,7.8,045
54,7.8,047
54,7.8,049
54,7.8,051
54,7.8,053
54,7.8,055
54,7.8,057
54,7.8,059
54,7.8,061
54,7.8,063
54,7.8,065
54,7.8,067
54,7.8,069
54,7.8,071
54,7.8,073
54,7.8,075
54,7.8,077
54,7.8,079
54,7.8,081
54,7.8,083
54,7.8,085
54,7.8,087
54,7.8,089
54,7.8,091
54,7.8,093
54,7.8,095
54,7.8,097
54,7.8,099
54,7.8,101
54,7.8,103
54,7.8,105
54,7.8,107
54,7.8,109
56,9.47,001
56,9.47,003
56,9.47,005
56,9.47,007
56,9.47,009
56,9.47,011
56,9.47,013
56,9.47,015
56,9.47,017
56,9.47,019
56,9.47,021
56,9.47,023
56,9.47,025
56,9.47,027
56,9.47,029
56,9.47,031
56,9.47,033
56,9.47,035
56,9.47,037
56,9.47,039
56,9.47,041
56,9.47,043
56,9.47,045
